gbifid,kingdom,phylum,class,order,family,genus,species,,,,,,,,,,,,,,,,,,,,,,,,,,,,,,,,,,,,,,,,,,,,,,,,
1586990998,"	Fungi","	Ascomycota","	Lecanoromycetes","	Lecanorales","	Cladoniaceae","	Cladonia	",furcata,,,,,,,,,,,,,,,,,,,,,,,,,,,,,,,,,,,,,,,,,,,,,,,,
1586989500,"	Fungi","	Ascomycota","	Lecanoromycetes","	Lecanorales","	Cladoniaceae","	Cladonia	",unknown,,,,,,,,,,,,,,,,,,,,,,,,,,,,,,,,,,,,,,,,,,,,,,,,
1563458280,"	Fungi","	Ascomycota","	Lecanoromycetes","	Lecanorales","	Cladoniaceae","	Cladonia	",strepsilis,,,,,,,,,,,,,,,,,,,,,,,,,,,,,,,,,,,,,,,,,,,,,,,,
1563457941,"	Fungi","	Ascomycota","	Lecanoromycetes","	Lecanorales","	Cladoniaceae","	Cladonia	",bellidiflora,,,,,,,,,,,,,,,,,,,,,,,,,,,,,,,,,,,,,,,,,,,,,,,,
1563457811,"	Fungi","	Ascomycota","	Lecanoromycetes","	Lecanorales","	Cladoniaceae","	Cladonia	",cariosa,,,,,,,,,,,,,,,,,,,E,E00816179,890,CC_BY_NC_4_0,Ayotte,,,,,,,,,,,,,,,,,,,,,,,,,
1563118018,"	Fungi","	Ascomycota","	Lecanoromycetes","	Lecanorales","	Cladoniaceae","	Cladonia	",amaurocraea,,,,,,,,,,,,,,,,,,,E,E00816157,94,CC_BY_NC_4_0,Pelletier,,,,,,,,,,,,,,,,,,,,,,,,,
1563118009,"	Fungi","	Ascomycota","	Lecanoromycetes","	Lecanorales","	Cladoniaceae","	Cladonia	",amaurocraea,,,,,,,,,,,,,,,,,,,E,E00816158,111,CC_BY_NC_4_0,Pelletier,,,,,,,,,,,,,,,,,,,,,,,,,
1563117437,"	Fungi","	Ascomycota","	Lecanoromycetes","	Lecanorales","	Cladoniaceae","	Cladonia	",amaurocraea,,,,,,,,,,,,,,,,,,,E,E00816159,67,CC_BY_NC_4_0,Pelletier,,,,,,,,,,,,,,,,,,,,,,,,,
1563117010,"	Fungi","	Ascomycota","	Lecanoromycetes","	Lecanorales","	Cladoniaceae","	Cladonia	",pleurota,,,,,,,,,,,,,,,,,,,PRESERVED_SPECIMEN,E,E,E00816152,96-3879-C,CC_BY_NC_4_0,Roy,,,,,,,,,,,,,,,,,,,,,,,
1563116862,"	Fungi","	Ascomycota","	Lecanoromycetes","	Lecanorales","	Cladoniaceae","	Cladonia	",crispata,,,,,,,,,,,,,,,,,,,6606832,PRESERVED_SPECIMEN,E,E,E00816120,96-3867-C,CC_BY_NC_4_0,Roy,,,,,,,,,,,,,,,,,,,,,,
1563116757,"	Fungi","	Ascomycota","	Lecanoromycetes","	Lecanorales","	Cladoniaceae","	Cladonia	",macrophylla,,,,,,,,,,,,,,,,,,,PRESERVED_SPECIMEN,E,E,E00816145,89-1496-C,CC_BY_NC_4_0,Roy,,,,,,,,,,,,,,,,,,,,,,,
1563116685,"	Fungi","	Ascomycota","	Lecanoromycetes","	Lecanorales","	Cladoniaceae","	Cladonia	",amaurocraea,,,,,,,,,,,,,,,,,,,PRESERVED_SPECIMEN,E,E,E00816137,96-3855-C,CC_BY_NC_4_0,Roy,,,,,,,,,,,,,,,,,,,,,,,
1563116209,"	Fungi","	Ascomycota","	Lecanoromycetes","	Lecanorales","	Cladoniaceae","	Cladonia	",deformis,,,,,,,,,,,,,,,,,,,PRESERVED_SPECIMEN,E,E,E00816144,96-3912-C,CC_BY_NC_4_0,Roy,,,,,,,,,,,,,,,,,,,,,,,
1563116122,"	Fungi","	Ascomycota","	Lecanoromycetes","	Lecanorales","	Cladoniaceae","	Cladonia	",gracilis,,,,,,,,,,,,,,,,,,,1981-08-11T02:00Z,11,8,1981,2607597,2607596,PRESERVED_SPECIMEN,E,E,E00816177,889,CC_BY_NC_4_0,Ayotte,,,,,,,,,,,,,,,,,
1563115866,"	Fungi","	Ascomycota","	Lecanoromycetes","	Lecanorales","	Cladoniaceae","	Cladonia	",boryi,,,,,,,,,,,,,,,,,,,E,E,E00816142,96-3880-C,CC_BY_NC_4_0,Roy,,,,,,,,,,,,,,,,,,,,,,,,
1563115783,"	Fungi","	Ascomycota","	Lecanoromycetes","	Lecanorales","	Cladoniaceae","	Cladonia	",cariosa,,,,,,,,,,,,,,,,,,,E00816072,CC_BY_NC_4_0,Seaward,,,,,,,,,,,,,,,,,,,,,,,,,,,
1563115581,"	Fungi","	Ascomycota","	Lecanoromycetes","	Lecanorales","	Cladoniaceae","	Cladonia	",amaurocraea,,,,,,,,,,,,,,,,,,,E,E00816136,95-3469-C,CC_BY_NC_4_0,Roy,,,,,,,,,,,,,,,,,,,,,,,,,
1563115543,"	Fungi","	Ascomycota","	Lecanoromycetes","	Lecanorales","	Cladoniaceae","	Cladonia	",crispata,,,,,,,,,,,,,,,,,,,,,,,,,,,,,,,,,,,,,,,,,,,,,,,,
1563115239,"	Fungi","	Ascomycota","	Lecanoromycetes","	Lecanorales","	Cladoniaceae","	Cladonia	",stellaris,,,,,,,,,,,,,,,,,,,jonction,entre,la,rout,138,et,le,chemin,de,l'hydro,menant,aux,chutes,de,la,riviere,98e934b0-5f31-11de-b67e-b8a03c50a862,1981-06-18T02:00Z,18,6,1981,2607712,2607712,PRESERVED_SPECIMEN,E,E,E00816176,53,CC_BY_NC_4_0,Clement
1563115081,"	Fungi","	Ascomycota","	Lecanoromycetes","	Lecanorales","	Cladoniaceae","	Cladonia	",coccifera,,,,,,,,,,,,,,,,,,,PRESERVED_SPECIMEN,E,E,E00816123,89-1499-C,CC_BY_NC_4_0,Roy,,,,,,,,,,,,,,,,,,,,,,,
1563114907,"	Fungi","	Ascomycota","	Lecanoromycetes","	Lecanorales","	Cladoniaceae","	Cladonia	",cornuta,,,,,,,,,,,,,,,,,,,PRESERVED_SPECIMEN,E,E,E00816124,97-4035-C,CC_BY_NC_4_0,Roy,,,,,,,,,,,,,,,,,,,,,,,
1563114752,"	Fungi","	Ascomycota","	Lecanoromycetes","	Lecanorales","	Cladoniaceae","	Cladonia	",arbuscula,,,,,,,,,,,,,,,,,,,,,,,,,,,,,,,,,,,,,,,,,,,,,,,,
1563114748,"	Fungi","	Ascomycota","	Lecanoromycetes","	Lecanorales","	Cladoniaceae","	Cladonia	",verticillata,,,,,,,,,,,,,,,,,,,1994,2607672,2607673,PRESERVED_SPECIMEN,E,E,E00816122,94-2759-C,CC_BY_NC_4_0,Roy,,,,,,,,,,,,,,,,,,,,
1563114648,"	Fungi","	Ascomycota","	Lecanoromycetes","	Lecanorales","	Cladoniaceae","	Cladonia	",rangiferina,,,,,,,,,,,,,,,,,,,2607708,2607708,PRESERVED_SPECIMEN,E,E,E00816143,96-3856-C,CC_BY_NC_4_0,Roy,,,,,,,,,,,,,,,,,,,,,
1563114442,"	Fungi","	Ascomycota","	Lecanoromycetes","	Lecanorales","	Cladoniaceae","	Cladonia	",cornuta,,,,,,,,,,,,,,,,,,,,,,,,,,,,,,,,,,,,,,,,,,,,,,,,
1563114213,"	Fungi","	Ascomycota","	Lecanoromycetes","	Lecanorales","	Cladoniaceae","	Cladonia	",arbuscula,,,,,,,,,,,,,,,,,,,E,E00816163,68.212,,,,,,,,,,,,,,,,,,,,,,,,,,,
1500366631,"	Fungi","	Ascomycota","	Lecanoromycetes","	Lecanorales","	Cladoniaceae","	Cladonia	",unknown,,,,,,,,,,,,,,,,,,,,,,,,,,,,,,,,,,,,,,,,,,,,,,,,
1500365172,"	Fungi","	Ascomycota","	Lecanoromycetes","	Lecanorales","	Cladoniaceae","	Cladonia	",rangiformis,,,,,,,,,,,,,,,,,,,,,,,,,,,,,,,,,,,,,,,,,,,,,,,,
1500365081,"	Fungi","	Ascomycota","	Lecanoromycetes","	Lecanorales","	Cladoniaceae","	Cladonia	",unknown,,,,,,,,,,,,,,,,,,,,,,,,,,,,,,,,,,,,,,,,,,,,,,,,
1500364907,"	Fungi","	Ascomycota","	Lecanoromycetes","	Lecanorales","	Cladoniaceae","	Cladonia	",fimbriata,,,,,,,,,,,,,,,,,,,,,,,,,,,,,,,,,,,,,,,,,,,,,,,,
1500364495,"	Fungi","	Ascomycota","	Lecanoromycetes","	Lecanorales","	Cladoniaceae","	Cladonia	",unknown,,,,,,,,,,,,,,,,,,,,,,,,,,,,,,,,,,,,,,,,,,,,,,,,
1454581529,"	Fungi","	Ascomycota","	Lecanoromycetes","	Lecanorales","	Cladoniaceae","	Cladonia	",glauca,,,,,,,,,,,,,,,,,,,,,,,,,,,,,,,,,,,,,,,,,,,,,,,,
1454581241,"	Fungi","	Ascomycota","	Lecanoromycetes","	Lecanorales","	Cladoniaceae","	Cladonia	",coccifera,,,,,,,,,,,,,,,,,,,E,E00817791,34,CC_BY_NC_4_0,Sutcliffe,,,,,,,,,,,,,,,,,,,,,,,,,
1454580379,"	Fungi","	Ascomycota","	Lecanoromycetes","	Lecanorales","	Cladoniaceae","	Cladonia	",unknown,,,,,,,,,,,,,,,,,,,,,,,,,,,,,,,,,,,,,,,,,,,,,,,,
1454579982,"	Fungi","	Ascomycota","	Lecanoromycetes","	Lecanorales","	Cladoniaceae","	Cladonia	",polydactyla,,,,,,,,,,,,,,,,,,,,,,,,,,,,,,,,,,,,,,,,,,,,,,,,
1454579678,"	Fungi","	Ascomycota","	Lecanoromycetes","	Lecanorales","	Cladoniaceae","	Cladonia	",pyxidata,,,,,,,,,,,,,,,,,,,,,,,,,,,,,,,,,,,,,,,,,,,,,,,,
1454579344,"	Fungi","	Ascomycota","	Lecanoromycetes","	Lecanorales","	Cladoniaceae","	Cladonia	",unknown,,,,,,,,,,,,,,,,,,,,,,,,,,,,,,,,,,,,,,,,,,,,,,,,
1454562920,"	Fungi","	Ascomycota","	Lecanoromycetes","	Lecanorales","	Cladoniaceae","	Cladonia	",fimbriata,,,,,,,,,,,,,,,,,,,,,,,,,,,,,,,,,,,,,,,,,,,,,,,,
1454562865,"	Fungi","	Ascomycota","	Lecanoromycetes","	Lecanorales","	Cladoniaceae","	Cladonia	",chlorophaea,,,,,,,,,,,,,,,,,,,PRESERVED_SPECIMEN,E,E,E00817831,26,CC_BY_NC_4_0,Sutcliffe,,,,,,,,,,,,,,,,,,,,,,,
1454545624,"	Fungi","	Ascomycota","	Lecanoromycetes","	Lecanorales","	Cladoniaceae","	Cladonia	",coccifera,,,,,,,,,,,,,,,,,,,Sutcliffe,,,,,,,,,,,,,,,,,,,,,,,,,,,,,
1454545316,"	Fungi","	Ascomycota","	Lecanoromycetes","	Lecanorales","	Cladoniaceae","	Cladonia	",macilenta,,,,,,,,,,,,,,,,,,,,,,,,,,,,,,,,,,,,,,,,,,,,,,,,
1454545243,"	Fungi","	Ascomycota","	Lecanoromycetes","	Lecanorales","	Cladoniaceae","	Cladonia	",unknown,,,,,,,,,,,,,,,,,,,,,,,,,,,,,,,,,,,,,,,,,,,,,,,,
1454544406,"	Fungi","	Ascomycota","	Lecanoromycetes","	Lecanorales","	Cladoniaceae","	Cladonia	",unknown,,,,,,,,,,,,,,,,,,,,,,,,,,,,,,,,,,,,,,,,,,,,,,,,
1454544277,"	Fungi","	Ascomycota","	Lecanoromycetes","	Lecanorales","	Cladoniaceae","	Cladonia	",coccifera,,,,,,,,,,,,,,,,,,,,,,,,,,,,,,,,,,,,,,,,,,,,,,,,
1454544067,"	Fungi","	Ascomycota","	Lecanoromycetes","	Lecanorales","	Cladoniaceae","	Cladonia	",crispata,,,,,,,,,,,,,,,,,,,E,E,E00817801,CC_BY_NC_4_0,Dahl,,,,,,,,,,,,,,,,,,,,,,,,,
1454544059,"	Fungi","	Ascomycota","	Lecanoromycetes","	Lecanorales","	Cladoniaceae","	Cladonia	",uncialis,,,,,,,,,,,,,,,,,,,,,,,,,,,,,,,,,,,,,,,,,,,,,,,,
1454543956,"	Fungi","	Ascomycota","	Lecanoromycetes","	Lecanorales","	Cladoniaceae","	Cladonia	",gracilis,,,,,,,,,,,,,,,,,,,,,,,,,,,,,,,,,,,,,,,,,,,,,,,,
1454543320,"	Fungi","	Ascomycota","	Lecanoromycetes","	Lecanorales","	Cladoniaceae","	Cladonia	",unknown,,,,,,,,,,,,,,,,,,,,,,,,,,,,,,,,,,,,,,,,,,,,,,,,
1454543253,"	Fungi","	Ascomycota","	Lecanoromycetes","	Lecanorales","	Cladoniaceae","	Cladonia	",furcata,,,,,,,,,,,,,,,,,,,Sutcliffe,,,,,,,,,,,,,,,,,,,,,,,,,,,,,
1454543068,"	Fungi","	Ascomycota","	Lecanoromycetes","	Lecanorales","	Cladoniaceae","	Cladonia	",rangiferina,,,,,,,,,,,,,,,,,,,,,,,,,,,,,,,,,,,,,,,,,,,,,,,,
1423613696,"	Fungi","	Ascomycota","	Lecanoromycetes","	Lecanorales","	Cladoniaceae","	Cladonia	",didyma,,,,,,,,,,,,,,,,,,,,,,,,,,,,,,,,,,,,,,,,,,,,,,,,
1423612942,"	Fungi","	Ascomycota","	Lecanoromycetes","	Lecanorales","	Cladoniaceae","	Cladonia	",rangiformis,,,,,,,,,,,,,,,,,,,,,,,,,,,,,,,,,,,,,,,,,,,,,,,,
1423610813,"	Fungi","	Ascomycota","	Lecanoromycetes","	Lecanorales","	Cladoniaceae","	Cladonia	",furcata,,,,,,,,,,,,,,,,,,,Fryday,,,,,,,,,,,,,,,,,,,,,,,,,,,,,
1423608781,"	Fungi","	Ascomycota","	Lecanoromycetes","	Lecanorales","	Cladoniaceae","	Cladonia	",glauca,,,,,,,,,,,,,,,,,,,CC_BY_NC_4_0,Fryday,,,,,,,,,,,,,,,,,,,,,,,,,,,,
1423607132,"	Fungi","	Ascomycota","	Lecanoromycetes","	Lecanorales","	Cladoniaceae","	Cladonia	",leporina,,,,,,,,,,,,,,,,,,,Lagoon,98e934b0-5f31-11de-b67e-b8a03c50a862,17.737222,-88.5975,2010-05-16T02:00Z,16,5,2010,3390073,3390073,PRESERVED_SPECIMEN,E,E,E00817372,1493,CC_BY_NC_4_0,Yahr,,,,,,,,,,,,,
1423605070,"	Fungi","	Ascomycota","	Lecanoromycetes","	Lecanorales","	Cladoniaceae","	Cladonia	",unknown,,,,,,,,,,,,,,,,,,,17.737222,-88.5975,2010-05-16T02:00Z,16,5,2010,2607519,PRESERVED_SPECIMEN,E,E,E00817371,1494,CC_BY_NC_4_0,Yahr,,,,,,,,,,,,,,,,
1423604973,"	Fungi","	Ascomycota","	Lecanoromycetes","	Lecanorales","	Cladoniaceae","	Cladonia	",ravenelii,,,,,,,,,,,,,,,,,,,,,,,,,,,,,,,,,,,,,,,,,,,,,,,,
1423604961,"	Fungi","	Ascomycota","	Lecanoromycetes","	Lecanorales","	Cladoniaceae","	Cladonia	",subsetacea,,,,,,,,,,,,,,,,,,,,,,,,,,,,,,,,,,,,,,,,,,,,,,,,
1423603664,"	Fungi","	Ascomycota","	Lecanoromycetes","	Lecanorales","	Cladoniaceae","	Cladonia	",furcata,,,,,,,,,,,,,,,,,,,E00786289,5082,CC_BY_NC_4_0,Fryday,,,,,,,,,,,,,,,,,,,,,,,,,,
1423602635,"	Fungi","	Ascomycota","	Lecanoromycetes","	Lecanorales","	Cladoniaceae","	Cladonia	",unknown,,,,,,,,,,,,,,,,,,,,,,,,,,,,,,,,,,,,,,,,,,,,,,,,
1423599752,"	Fungi","	Ascomycota","	Lecanoromycetes","	Lecanorales","	Cladoniaceae","	Cladonia	",unknown,,,,,,,,,,,,,,,,,,,,,,,,,,,,,,,,,,,,,,,,,,,,,,,,
1423598737,"	Fungi","	Ascomycota","	Lecanoromycetes","	Lecanorales","	Cladoniaceae","	Cladonia	",coccifera,,,,,,,,,,,,,,,,,,,7246653,PRESERVED_SPECIMEN,E,E,E00817378,2016-1146,CC_BY_NC_4_0,Douglass,,,,,,,,,,,,,,,,,,,,,,
1305186687,"	Fungi","	Ascomycota","	Lecanoromycetes","	Lecanorales","	Cladoniaceae","	Cladonia	",firma,,,,,,,,,,,,,,,,,,,,,,,,,,,,,,,,,,,,,,,,,,,,,,,,
1291808552,"	Fungi","	Ascomycota","	Lecanoromycetes","	Lecanorales","	Cladoniaceae","	Cladonia	",pulvinata,,,,,,,,,,,,,,,,,,,Fryday,,,,,,,,,,,,,,,,,,,,,,,,,,,,,
1291807492,"	Fungi","	Ascomycota","	Lecanoromycetes","	Lecanorales","	Cladoniaceae","	Cladonia	",uncialis,,,,,,,,,,,,,,,,,,,E00785613,2948,CC_BY_NC_4_0,Fryday,,,,,,,,,,,,,,,,,,,,,,,,,,
1291804557,"	Fungi","	Ascomycota","	Lecanoromycetes","	Lecanorales","	Cladoniaceae","	Cladonia	",caespiticia,,,,,,,,,,,,,,,,,,,,,,,,,,,,,,,,,,,,,,,,,,,,,,,,
1272855015,"	Fungi","	Ascomycota","	Lecanoromycetes","	Lecanorales","	Cladoniaceae","	Cladonia	",rangiferina,,,,,,,,,,,,,,,,,,,7,1994,2607708,2607708,PRESERVED_SPECIMEN,E,E,E00756462,943069C,CC_BY_NC_4_0,Roy,,,,,,,,,,,,,,,,,,,
1272854871,"	Fungi","	Ascomycota","	Lecanoromycetes","	Lecanorales","	Cladoniaceae","	Cladonia	",arbuscula,,,,,,,,,,,,,,,,,,,,,,,,,,,,,,,,,,,,,,,,,,,,,,,,
1272854499,"	Fungi","	Ascomycota","	Lecanoromycetes","	Lecanorales","	Cladoniaceae","	Cladonia	",squamosa,,,,,,,,,,,,,,,,,,,1990,7246650,7246650,PRESERVED_SPECIMEN,E,E,E00756464,901592C,CC_BY_NC_4_0,Roy,,,,,,,,,,,,,,,,,,,,
1272854484,"	Fungi","	Ascomycota","	Lecanoromycetes","	Lecanorales","	Cladoniaceae","	Cladonia	",rangiferina,,,,,,,,,,,,,,,,,,,,,,,,,,,,,,,,,,,,,,,,,,,,,,,,
1272854319,"	Fungi","	Ascomycota","	Lecanoromycetes","	Lecanorales","	Cladoniaceae","	Cladonia	",uncialis,,,,,,,,,,,,,,,,,,,E,E,E00756465,953689C,CC_BY_NC_4_0,Roy,,,,,,,,,,,,,,,,,,,,,,,,
1272854318,"	Fungi","	Ascomycota","	Lecanoromycetes","	Lecanorales","	Cladoniaceae","	Cladonia	",wainioi,,,,,,,,,,,,,,,,,,,-65.536111,122,0,1996-07-24T02:00Z,24,7,1996,3391666,3391666,PRESERVED_SPECIMEN,E,E,E00756466,96-3916-C,CC_BY_NC_4_0,Claude,,,,,,,,,,,,,,
1270063235,"	Fungi","	Ascomycota","	Lecanoromycetes","	Lecanorales","	Cladoniaceae","	Cladonia	",borealis,,,,,,,,,,,,,,,,,,,E,E,E00756428,24910,CC_BY_NC_4_0,Coppins,,,,,,,,,,,,,,,,,,,,,,,,
1270062182,"	Fungi","	Ascomycota","	Lecanoromycetes","	Lecanorales","	Cladoniaceae","	Cladonia	",macilenta,,,,,,,,,,,,,,,,,,,,,,,,,,,,,,,,,,,,,,,,,,,,,,,,
1270060227,"	Fungi","	Ascomycota","	Lecanoromycetes","	Lecanorales","	Cladoniaceae","	Cladonia	",pleurota,,,,,,,,,,,,,,,,,,,,,,,,,,,,,,,,,,,,,,,,,,,,,,,,
1270060093,"	Fungi","	Ascomycota","	Lecanoromycetes","	Lecanorales","	Cladoniaceae","	Cladonia	",symphycarpa,,,,,,,,,,,,,,,,,,,,,,,,,,,,,,,,,,,,,,,,,,,,,,,,
1265761291,"	Fungi","	Ascomycota","	Lecanoromycetes","	Lecanorales","	Cladoniaceae","	Cladonia	",cyathomorpha,,,,,,,,,,,,,,,,,,,,,,,,,,,,,,,,,,,,,,,,,,,,,,,,
1265760871,"	Fungi","	Ascomycota","	Lecanoromycetes","	Lecanorales","	Cladoniaceae","	Cladonia	",unknown,,,,,,,,,,,,,,,,,,,,,,,,,,,,,,,,,,,,,,,,,,,,,,,,
1265760844,"	Fungi","	Ascomycota","	Lecanoromycetes","	Lecanorales","	Cladoniaceae","	Cladonia	",foliacea,,,,,,,,,,,,,,,,,,,,,,,,,,,,,,,,,,,,,,,,,,,,,,,,
1265760604,"	Fungi","	Ascomycota","	Lecanoromycetes","	Lecanorales","	Cladoniaceae","	Cladonia	",rangiferina,,,,,,,,,,,,,,,,,,,,,,,,,,,,,,,,,,,,,,,,,,,,,,,,
1265760364,"	Fungi","	Ascomycota","	Lecanoromycetes","	Lecanorales","	Cladoniaceae","	Cladonia	",ciliata,,,,,,,,,,,,,,,,,,,,,,,,,,,,,,,,,,,,,,,,,,,,,,,,
1265760347,"	Fungi","	Ascomycota","	Lecanoromycetes","	Lecanorales","	Cladoniaceae","	Cladonia	",digitata,,,,,,,,,,,,,,,,,,,,,,,,,,,,,,,,,,,,,,,,,,,,,,,,
1265760237,"	Fungi","	Ascomycota","	Lecanoromycetes","	Lecanorales","	Cladoniaceae","	Cladonia	",bellidiflora,,,,,,,,,,,,,,,,,,,CC_BY_NC_4_0,Fryday,,,,,,,,,,,,,,,,,,,,,,,,,,,,
1265760056,"	Fungi","	Ascomycota","	Lecanoromycetes","	Lecanorales","	Cladoniaceae","	Cladonia	",rangiferina,,,,,,,,,,,,,,,,,,,,,,,,,,,,,,,,,,,,,,,,,,,,,,,,
1265759838,"	Fungi","	Ascomycota","	Lecanoromycetes","	Lecanorales","	Cladoniaceae","	Cladonia	",parasitica,,,,,,,,,,,,,,,,,,,,,,,,,,,,,,,,,,,,,,,,,,,,,,,,
1265759555,"	Fungi","	Ascomycota","	Lecanoromycetes","	Lecanorales","	Cladoniaceae","	Cladonia	",ramulosa,,,,,,,,,,,,,,,,,,,,,,,,,,,,,,,,,,,,,,,,,,,,,,,,
1265759021,"	Fungi","	Ascomycota","	Lecanoromycetes","	Lecanorales","	Cladoniaceae","	Cladonia	",ciliata,,,,,,,,,,,,,,,,,,,,,,,,,,,,,,,,,,,,,,,,,,,,,,,,
1265756562,"	Fungi","	Ascomycota","	Lecanoromycetes","	Lecanorales","	Cladoniaceae","	Cladonia	",strepsilis,,,,,,,,,,,,,,,,,,,CC_BY_NC_4_0,Fryday,,,,,,,,,,,,,,,,,,,,,,,,,,,,
1265756522,"	Fungi","	Ascomycota","	Lecanoromycetes","	Lecanorales","	Cladoniaceae","	Cladonia	",luteoalba,,,,,,,,,,,,,,,,,,,,,,,,,,,,,,,,,,,,,,,,,,,,,,,,
1265755696,"	Fungi","	Ascomycota","	Lecanoromycetes","	Lecanorales","	Cladoniaceae","	Cladonia	",callosa,,,,,,,,,,,,,,,,,,,E00756196,CC_BY_NC_4_0,Fryday,,,,,,,,,,,,,,,,,,,,,,,,,,,
1265755523,"	Fungi","	Ascomycota","	Lecanoromycetes","	Lecanorales","	Cladoniaceae","	Cladonia	",cariosa,,,,,,,,,,,,,,,,,,,,,,,,,,,,,,,,,,,,,,,,,,,,,,,,
1265755488,"	Fungi","	Ascomycota","	Lecanoromycetes","	Lecanorales","	Cladoniaceae","	Cladonia	",strepsilis,,,,,,,,,,,,,,,,,,,,,,,,,,,,,,,,,,,,,,,,,,,,,,,,
1265755479,"	Fungi","	Ascomycota","	Lecanoromycetes","	Lecanorales","	Cladoniaceae","	Cladonia	",pocillum,,,,,,,,,,,,,,,,,,,,,,,,,,,,,,,,,,,,,,,,,,,,,,,,
1253324890,"	Fungi","	Ascomycota","	Lecanoromycetes","	Lecanorales","	Cladoniaceae","	Cladonia	",firma,,,,,,,,,,,,,,,,,,,,,,,,,,,,,,,,,,,,,,,,,,,,,,,,
1253323755,"	Fungi","	Ascomycota","	Lecanoromycetes","	Lecanorales","	Cladoniaceae","	Cladonia	",glauca,,,,,,,,,,,,,,,,,,,,,,,,,,,,,,,,,,,,,,,,,,,,,,,,
1253323145,"	Fungi","	Ascomycota","	Lecanoromycetes","	Lecanorales","	Cladoniaceae","	Cladonia	",zopfii,,,,,,,,,,,,,,,,,,,,,,,,,,,,,,,,,,,,,,,,,,,,,,,,
1253323024,"	Fungi","	Ascomycota","	Lecanoromycetes","	Lecanorales","	Cladoniaceae","	Cladonia	",cenotea,,,,,,,,,,,,,,,,,,,,,,,,,,,,,,,,,,,,,,,,,,,,,,,,
1253322996,"	Fungi","	Ascomycota","	Lecanoromycetes","	Lecanorales","	Cladoniaceae","	Cladonia	",unknown,,,,,,,,,,,,,,,,,,,,,,,,,,,,,,,,,,,,,,,,,,,,,,,,
1253322880,"	Fungi","	Ascomycota","	Lecanoromycetes","	Lecanorales","	Cladoniaceae","	Cladonia	",subcariosa,,,,,,,,,,,,,,,,,,,,,,,,,,,,,,,,,,,,,,,,,,,,,,,,
1228038933,"	Fungi","	Ascomycota","	Lecanoromycetes","	Lecanorales","	Cladoniaceae","	Cladonia	",pyxidata,,,,,,,,,,,,,,,,,,,,,,,,,,,,,,,,,,,,,,,,,,,,,,,,
1228035591,"	Fungi","	Ascomycota","	Lecanoromycetes","	Lecanorales","	Cladoniaceae","	Cladonia	",zopfii,,,,,,,,,,,,,,,,,,,CC_BY_NC_4_0,Fryday,,,,,,,,,,,,,,,,,,,,,,,,,,,,
1228034509,"	Fungi","	Ascomycota","	Lecanoromycetes","	Lecanorales","	Cladoniaceae","	Cladonia	",trassii,,,,,,,,,,,,,,,,,,,,,,,,,,,,,,,,,,,,,,,,,,,,,,,,
1228031726,"	Fungi","	Ascomycota","	Lecanoromycetes","	Lecanorales","	Cladoniaceae","	Cladonia	",cyathomorpha,,,,,,,,,,,,,,,,,,,,,,,,,,,,,,,,,,,,,,,,,,,,,,,,
1228031084,"	Fungi","	Ascomycota","	Lecanoromycetes","	Lecanorales","	Cladoniaceae","	Cladonia	",symphycarpa,,,,,,,,,,,,,,,,,,,,,,,,,,,,,,,,,,,,,,,,,,,,,,,,
1228028112,"	Fungi","	Ascomycota","	Lecanoromycetes","	Lecanorales","	Cladoniaceae","	Cladonia	",maxima,,,,,,,,,,,,,,,,,,,,,,,,,,,,,,,,,,,,,,,,,,,,,,,,
1228026135,"	Fungi","	Ascomycota","	Lecanoromycetes","	Lecanorales","	Cladoniaceae","	Cladonia	",macilenta,,,,,,,,,,,,,,,,,,,,,,,,,,,,,,,,,,,,,,,,,,,,,,,,
1228024985,"	Fungi","	Ascomycota","	Lecanoromycetes","	Lecanorales","	Cladoniaceae","	Cladonia	",rangiferina,,,,,,,,,,,,,,,,,,,Fryday,,,,,,,,,,,,,,,,,,,,,,,,,,,,,
1228024911,"	Fungi","	Ascomycota","	Lecanoromycetes","	Lecanorales","	Cladoniaceae","	Cladonia	",subulata,,,,,,,,,,,,,,,,,,,,,,,,,,,,,,,,,,,,,,,,,,,,,,,,
1143573416,"	Fungi","	Ascomycota","	Lecanoromycetes","	Lecanorales","	Cladoniaceae","	Cladonia	",evansii,,,,,,,,,,,,,,,,,,,CC_BY_NC_4_0,Sutcliffe,,,,,,,,,,,,,,,,,,,,,,,,,,,,
1143573286,"	Fungi","	Ascomycota","	Lecanoromycetes","	Lecanorales","	Cladoniaceae","	Cladonia	",strepsilis,,,,,,,,,,,,,,,,,,,,,,,,,,,,,,,,,,,,,,,,,,,,,,,,
1143573266,"	Fungi","	Ascomycota","	Lecanoromycetes","	Lecanorales","	Cladoniaceae","	Cladonia	",polydactyla,,,,,,,,,,,,,,,,,,,E,E,E00745103,356,CC_BY_NC_4_0,Sutcliffe,,,,,,,,,,,,,,,,,,,,,,,,
1143573255,"	Fungi","	Ascomycota","	Lecanoromycetes","	Lecanorales","	Cladoniaceae","	Cladonia	",portentosa,,,,,,,,,,,,,,,,,,,,,,,,,,,,,,,,,,,,,,,,,,,,,,,,
1143573253,"	Fungi","	Ascomycota","	Lecanoromycetes","	Lecanorales","	Cladoniaceae","	Cladonia	",foliacea,,,,,,,,,,,,,,,,,,,E,E00745115,278,CC_BY_NC_4_0,Sutcliffe,,,,,,,,,,,,,,,,,,,,,,,,,
1143573234,"	Fungi","	Ascomycota","	Lecanoromycetes","	Lecanorales","	Cladoniaceae","	Cladonia	",polydactyla,,,,,,,,,,,,,,,,,,,,,,,,,,,,,,,,,,,,,,,,,,,,,,,,
1143573221,"	Fungi","	Ascomycota","	Lecanoromycetes","	Lecanorales","	Cladoniaceae","	Cladonia	",squamosa,,,,,,,,,,,,,,,,,,,,,,,,,,,,,,,,,,,,,,,,,,,,,,,,
1143573211,"	Fungi","	Ascomycota","	Lecanoromycetes","	Lecanorales","	Cladoniaceae","	Cladonia	",polydactyla,,,,,,,,,,,,,,,,,,,E,E,E00745121,356,CC_BY_NC_4_0,Sutcliffe,,,,,,,,,,,,,,,,,,,,,,,,
1143573209,"	Fungi","	Ascomycota","	Lecanoromycetes","	Lecanorales","	Cladoniaceae","	Cladonia	",rangiformis,,,,,,,,,,,,,,,,,,,,,,,,,,,,,,,,,,,,,,,,,,,,,,,,
1143573178,"	Fungi","	Ascomycota","	Lecanoromycetes","	Lecanorales","	Cladoniaceae","	Cladonia	",cervicornis,,,,,,,,,,,,,,,,,,,PRESERVED_SPECIMEN,E,E,E00745188,5363,CC_BY_NC_4_0,Yahr,,,,,,,,,,,,,,,,,,,,,,,
1143573173,"	Fungi","	Ascomycota","	Lecanoromycetes","	Lecanorales","	Cladoniaceae","	Cladonia	",bellidiflora,,,,,,,,,,,,,,,,,,,PRESERVED_SPECIMEN,E,E,E00745130,7,CC_BY_NC_4_0,Sutcliffe,,,,,,,,,,,,,,,,,,,,,,,
1143573080,"	Fungi","	Ascomycota","	Lecanoromycetes","	Lecanorales","	Cladoniaceae","	Cladonia	",squamosa,,,,,,,,,,,,,,,,,,,,,,,,,,,,,,,,,,,,,,,,,,,,,,,,
1143573079,"	Fungi","	Ascomycota","	Lecanoromycetes","	Lecanorales","	Cladoniaceae","	Cladonia	",subcervicornis,,,,,,,,,,,,,,,,,,,,,,,,,,,,,,,,,,,,,,,,,,,,,,,,
1143573058,"	Fungi","	Ascomycota","	Lecanoromycetes","	Lecanorales","	Cladoniaceae","	Cladonia	",arbuscula,,,,,,,,,,,,,,,,,,,,,,,,,,,,,,,,,,,,,,,,,,,,,,,,
1143573013,"	Fungi","	Ascomycota","	Lecanoromycetes","	Lecanorales","	Cladoniaceae","	Cladonia	",polydactyla,,,,,,,,,,,,,,,,,,,,,,,,,,,,,,,,,,,,,,,,,,,,,,,,
1143573012,"	Fungi","	Ascomycota","	Lecanoromycetes","	Lecanorales","	Cladoniaceae","	Cladonia	",diversa,,,,,,,,,,,,,,,,,,,3390950,PRESERVED_SPECIMEN,E,E,E00745153,4949B,CC_BY_NC_4_0,Yahr,,,,,,,,,,,,,,,,,,,,,,
1143573008,"	Fungi","	Ascomycota","	Lecanoromycetes","	Lecanorales","	Cladoniaceae","	Cladonia	",coccifera,,,,,,,,,,,,,,,,,,,PRESERVED_SPECIMEN,E,E,E00745114,5,CC_BY_NC_4_0,Sutcliffe,,,,,,,,,,,,,,,,,,,,,,,
1143573003,"	Fungi","	Ascomycota","	Lecanoromycetes","	Lecanorales","	Cladoniaceae","	Cladonia	",polydactyla,,,,,,,,,,,,,,,,,,,,,,,,,,,,,,,,,,,,,,,,,,,,,,,,
1143572982,"	Fungi","	Ascomycota","	Lecanoromycetes","	Lecanorales","	Cladoniaceae","	Cladonia	",polydactyla,,,,,,,,,,,,,,,,,,,,,,,,,,,,,,,,,,,,,,,,,,,,,,,,
1143572946,"	Fungi","	Ascomycota","	Lecanoromycetes","	Lecanorales","	Cladoniaceae","	Cladonia	",portentosa,,,,,,,,,,,,,,,,,,,,,,,,,,,,,,,,,,,,,,,,,,,,,,,,
1143572945,"	Fungi","	Ascomycota","	Lecanoromycetes","	Lecanorales","	Cladoniaceae","	Cladonia	",squamosa,,,,,,,,,,,,,,,,,,,,,,,,,,,,,,,,,,,,,,,,,,,,,,,,
1143572932,"	Fungi","	Ascomycota","	Lecanoromycetes","	Lecanorales","	Cladoniaceae","	Cladonia	",crispata,,,,,,,,,,,,,,,,,,,,,,,,,,,,,,,,,,,,,,,,,,,,,,,,
1143572904,"	Fungi","	Ascomycota","	Lecanoromycetes","	Lecanorales","	Cladoniaceae","	Cladonia	",ciliata,,,,,,,,,,,,,,,,,,,,,,,,,,,,,,,,,,,,,,,,,,,,,,,,
1143572851,"	Fungi","	Ascomycota","	Lecanoromycetes","	Lecanorales","	Cladoniaceae","	Cladonia	",gracilis,,,,,,,,,,,,,,,,,,,,,,,,,,,,,,,,,,,,,,,,,,,,,,,,
1143572826,"	Fungi","	Ascomycota","	Lecanoromycetes","	Lecanorales","	Cladoniaceae","	Cladonia	",ramulosa,,,,,,,,,,,,,,,,,,,,,,,,,,,,,,,,,,,,,,,,,,,,,,,,
1143572798,"	Fungi","	Ascomycota","	Lecanoromycetes","	Lecanorales","	Cladoniaceae","	Cladonia	",uncialis,,,,,,,,,,,,,,,,,,,,,,,,,,,,,,,,,,,,,,,,,,,,,,,,
1143572788,"	Fungi","	Ascomycota","	Lecanoromycetes","	Lecanorales","	Cladoniaceae","	Cladonia	",ramulosa,,,,,,,,,,,,,,,,,,,,,,,,,,,,,,,,,,,,,,,,,,,,,,,,
1143572701,"	Fungi","	Ascomycota","	Lecanoromycetes","	Lecanorales","	Cladoniaceae","	Cladonia	",furcata,,,,,,,,,,,,,,,,,,,,,,,,,,,,,,,,,,,,,,,,,,,,,,,,
1143572700,"	Fungi","	Ascomycota","	Lecanoromycetes","	Lecanorales","	Cladoniaceae","	Cladonia	",glauca,,,,,,,,,,,,,,,,,,,E00745109,354,CC_BY_NC_4_0,Sutcliffe,,,,,,,,,,,,,,,,,,,,,,,,,,
1143572697,"	Fungi","	Ascomycota","	Lecanoromycetes","	Lecanorales","	Cladoniaceae","	Cladonia	",humilis,,,,,,,,,,,,,,,,,,,E,E00745108,347,CC_BY_NC_4_0,Sutcliffe,,,,,,,,,,,,,,,,,,,,,,,,,
1143572678,"	Fungi","	Ascomycota","	Lecanoromycetes","	Lecanorales","	Cladoniaceae","	Cladonia	",sulphurina,,,,,,,,,,,,,,,,,,,,,,,,,,,,,,,,,,,,,,,,,,,,,,,,
1143572659,"	Fungi","	Ascomycota","	Lecanoromycetes","	Lecanorales","	Cladoniaceae","	Cladonia	",coccifera,,,,,,,,,,,,,,,,,,,PRESERVED_SPECIMEN,E,E,E00745172,5355,CC_BY_NC_4_0,Yahr,,,,,,,,,,,,,,,,,,,,,,,
1135468216,"	Fungi","	Ascomycota","	Lecanoromycetes","	Lecanorales","	Cladoniaceae","	Cladonia	",ramulosa,,,,,,,,,,,,,,,,,,,,,,,,,,,,,,,,,,,,,,,,,,,,,,,,
1135467879,"	Fungi","	Ascomycota","	Lecanoromycetes","	Lecanorales","	Cladoniaceae","	Cladonia	",macilenta,,,,,,,,,,,,,,,,,,,,,,,,,,,,,,,,,,,,,,,,,,,,,,,,
1135467809,"	Fungi","	Ascomycota","	Lecanoromycetes","	Lecanorales","	Cladoniaceae","	Cladonia	",verticillata,,,,,,,,,,,,,,,,,,,,,,,,,,,,,,,,,,,,,,,,,,,,,,,,
1098892087,"	Fungi","	Ascomycota","	Lecanoromycetes","	Lecanorales","	Cladoniaceae","	Cladonia	",gracilis,,,,,,,,,,,,,,,,,,,2607596,PRESERVED_SPECIMEN,E,E,E00700498,CC_BY_NC_4_0,Coppins,,,,,,,,,,,,,,,,,,,,,,,
1088885304,"	Fungi","	Ascomycota","	Lecanoromycetes","	Lecanorales","	Cladoniaceae","	Cladonia	",macrophylla,,,,,,,,,,,,,,,,,,,2018-02-04T08:43Z,RECORDED_DATE_INVALID,,,,,,,,,,,,,,,,,,,,,,,,,,,,
1088884119,"	Fungi","	Ascomycota","	Lecanoromycetes","	Lecanorales","	Cladoniaceae","	Cladonia	",foliacea,,,,,,,,,,,,,,,,,,,E00715813,CC_BY_NC_4_0,D.McV.,2018-02-04T08:43Z,,,,,,,,,,,,,,,,,,,,,,,,,,
1065616129,"	Fungi","	Ascomycota","	Lecanoromycetes","	Lecanorales","	Cladoniaceae","	Cladonia	",convoluta,,,,,,,,,,,,,,,,,,,13319,CC_BY_NC_4_0,Obermayer,,,,,,,,,,,,,,,,,,,,,,,,,,,
1051220747,"	Fungi","	Ascomycota","	Lecanoromycetes","	Lecanorales","	Cladoniaceae","	Cladonia	",floerkeana,,,,,,,,,,,,,,,,,,,,,,,,,,,,,,,,,,,,,,,,,,,,,,,,
1051219274,"	Fungi","	Ascomycota","	Lecanoromycetes","	Lecanorales","	Cladoniaceae","	Cladonia	",floerkeana,,,,,,,,,,,,,,,,,,,,,,,,,,,,,,,,,,,,,,,,,,,,,,,,
1051217300,"	Fungi","	Ascomycota","	Lecanoromycetes","	Lecanorales","	Cladoniaceae","	Cladonia	",squamosa,,,,,,,,,,,,,,,,,,,,,,,,,,,,,,,,,,,,,,,,,,,,,,,,
1038284029,"	Fungi","	Ascomycota","	Lecanoromycetes","	Lecanorales","	Cladoniaceae","	Cladonia	",unknown,,,,,,,,,,,,,,,,,,,E,E,E00699900,6021,CC_BY_NC_4_0,Coppins,,,,,,,,,,,,,,,,,,,,,,,,
1038284005,"	Fungi","	Ascomycota","	Lecanoromycetes","	Lecanorales","	Cladoniaceae","	Cladonia	",unknown,,,,,,,,,,,,,,,,,,,T√™tu,,,,,,,,,,,,,,,,,,,,,,,,,,,,,
1038283952,"	Fungi","	Ascomycota","	Lecanoromycetes","	Lecanorales","	Cladoniaceae","	Cladonia	",unknown,,,,,,,,,,,,,,,,,,,E,E,E00699901,6020,CC_BY_NC_4_0,Coppins,,,,,,,,,,,,,,,,,,,,,,,,
1038283783,"	Fungi","	Ascomycota","	Lecanoromycetes","	Lecanorales","	Cladoniaceae","	Cladonia	",unknown,,,,,,,,,,,,,,,,,,,Coppins,,,,,,,,,,,,,,,,,,,,,,,,,,,,,
1038282488,"	Fungi","	Ascomycota","	Lecanoromycetes","	Lecanorales","	Cladoniaceae","	Cladonia	",strepsilis,,,,,,,,,,,,,,,,,,,7246887,PRESERVED_SPECIMEN,E,E,E00700334,CC_BY_NC_4_0,O'Dare,,,,,,,,,,,,,,,,,,,,,,,
1038282455,"	Fungi","	Ascomycota","	Lecanoromycetes","	Lecanorales","	Cladoniaceae","	Cladonia	",firma,,,,,,,,,,,,,,,,,,,E,E00700332,CC_BY_NC_4_0,James,,,,,,,,,,,,,,,,,,,,,,,,,,
1038281960,"	Fungi","	Ascomycota","	Lecanoromycetes","	Lecanorales","	Cladoniaceae","	Cladonia	",unknown,,,,,,,,,,,,,,,,,,,E,E,E00699929,CC_BY_NC_4_0,Coppins,,,,,,,,,,,,,,,,,,,,,,,,,
"991746316	","Fungi	","Ascomycota	","Lecanoromycetes	","Lecanorales	","Cladoniaceae	","	Cladonia	",glauca,,,,,,,,,,,,,,,,,,,E00696541,23553,CC_BY_NC_4_0,Coppins,,,,,,,,,,,,,,,,,,,,,,,,,,
"912730637	","Fungi	","Ascomycota	","Lecanoromycetes	","Lecanorales	","Cladoniaceae	","	Cladonia	",coccifera,,,,,,,,,,,,,,,,,,,6320,CC_BY_NC_4_0,Fryday,,,,,,,,,,,,,,,,,,,,,,,,,,,
"912729723	","Fungi	","Ascomycota	","Lecanoromycetes	","Lecanorales	","Cladoniaceae	","	Cladonia	",parasitica,,,,,,,,,,,,,,,,,,,24110,CC_BY_NC_4_0,Coppins,,,,,,,,,,,,,,,,,,,,,,,,,,,
"912729397	","Fungi	","Ascomycota	","Lecanoromycetes	","Lecanorales	","Cladoniaceae	","	Cladonia	",uncialis,,,,,,,,,,,,,,,,,,,E,E,E00661463,3362,CC_BY_NC_4_0,Fryday,,,,,,,,,,,,,,,,,,,,,,,,
"912729201	","Fungi	","Ascomycota	","Lecanoromycetes	","Lecanorales	","Cladoniaceae	","	Cladonia	",caespiticia,,,,,,,,,,,,,,,,,,,65848,CC_BY_NC_4_0,J.,Hafellner,2018-02-03T11:10Z,,,,,,,,,,,,,,,,,,,,,,,,,
"912729107	","Fungi	","Ascomycota	","Lecanoromycetes	","Lecanorales	","Cladoniaceae	","	Cladonia	",sulphurina,,,,,,,,,,,,,,,,,,,65584,CC_BY_NC_4_0,J.,Hafellner,2018-02-03T11:10Z,,,,,,,,,,,,,,,,,,,,,,,,,
"912728816	","Fungi	","Ascomycota	","Lecanoromycetes	","Lecanorales	","Cladoniaceae	","	Cladonia	",diversa,,,,,,,,,,,,,,,,,,,CC_BY_NC_4_0,Fryday,,,,,,,,,,,,,,,,,,,,,,,,,,,,
"912728511	","Fungi	","Ascomycota	","Lecanoromycetes	","Lecanorales	","Cladoniaceae	","	Cladonia	",glauca,,,,,,,,,,,,,,,,,,,CC_BY_NC_4_0,Fryday,,,,,,,,,,,,,,,,,,,,,,,,,,,,
"912728361	","Fungi	","Ascomycota	","Lecanoromycetes	","Lecanorales	","Cladoniaceae	","	Cladonia	",diversa,,,,,,,,,,,,,,,,,,,CC_BY_NC_4_0,Fryday,,,,,,,,,,,,,,,,,,,,,,,,,,,,
"912728324	","Fungi	","Ascomycota	","Lecanoromycetes	","Lecanorales	","Cladoniaceae	","	Cladonia	",deformis,,,,,,,,,,,,,,,,,,,5601,CC_BY_NC_4_0,Fryday,,,,,,,,,,,,,,,,,,,,,,,,,,,
"910351603	","Fungi	","Ascomycota	","Lecanoromycetes	","Lecanorales	","Cladoniaceae	","	Cladonia	",uncialis,,,,,,,,,,,,,,,,,,,E,E00661410,12388,CC_BY_NC_4_0,Obermayer,,,,,,,,,,,,,,,,,,,,,,,,,
"910349216	","Fungi	","Ascomycota	","Lecanoromycetes	","Lecanorales	","Cladoniaceae	","	Cladonia	",floerkeana,,,,,,,,,,,,,,,,,,,,,,,,,,,,,,,,,,,,,,,,,,,,,,,,
"893355931	","Fungi	","Ascomycota	","Lecanoromycetes	","Lecanorales	","Cladoniaceae	","	Cladonia	",borealis,,,,,,,,,,,,,,,,,,,,,,,,,,,,,,,,,,,,,,,,,,,,,,,,
"890170837	","Fungi	","Ascomycota	","Lecanoromycetes	","Lecanorales	","Cladoniaceae	","	Cladonia	",arbuscula,,,,,,,,,,,,,,,,,,,2007,7186976,2607648,PRESERVED_SPECIMEN,E,E,E00620866,AC25,CC_BY_NC_4_0,Sharma,,,,,,,,,,,,,,,,,,,,
"890170835	","Fungi	","Ascomycota	","Lecanoromycetes	","Lecanorales	","Cladoniaceae	","	Cladonia	",ciliata,,,,,,,,,,,,,,,,,,,28.209167,85.573611,3881,0,2007-09-23T02:00Z,23,9,2007,2607546,2607546,PRESERVED_SPECIMEN,E,E,E00620865,M5,CC_BY_NC_4_0,Sharma,,,,,,,,,,,,,
"890170245	","Fungi	","Ascomycota	","Lecanoromycetes	","Lecanorales	","Cladoniaceae	","	Cladonia	",ciliata,,,,,,,,,,,,,,,,,,,2607546,PRESERVED_SPECIMEN,E,E,E00620864,AC,9,CC_BY_NC_4_0,Sharma,,,,,,,,,,,,,,,,,,,,,
"890166199	","Fungi	","Ascomycota	","Lecanoromycetes	","Lecanorales	","Cladoniaceae	","	Cladonia	",rangiferina,,,,,,,,,,,,,,,,,,,0,2007-09-21T02:00Z,21,9,2007,2607708,2607708,PRESERVED_SPECIMEN,E,E,E00620861,M5.1,CC_BY_NC_4_0,Sharma,,,,,,,,,,,,,,,,
"890166122	","Fungi	","Ascomycota	","Lecanoromycetes	","Lecanorales	","Cladoniaceae	","	Cladonia	",unknown,,,,,,,,,,,,,,,,,,,E,E00620860,AC20,CC_BY_NC_4_0,Sharma,,,,,,,,,,,,,,,,,,,,,,,,,
"890163029	","Fungi	","Ascomycota	","Lecanoromycetes	","Lecanorales	","Cladoniaceae	","	Cladonia	",unknown,,,,,,,,,,,,,,,,,,,,,,,,,,,,,,,,,,,,,,,,,,,,,,,,
"890159206	","Fungi	","Ascomycota	","Lecanoromycetes	","Lecanorales	","Cladoniaceae	","	Cladonia	",rangiferina,,,,,,,,,,,,,,,,,,,9,2007,2607708,2607708,PRESERVED_SPECIMEN,E,E,E00620862,L7.3,CC_BY_NC_4_0,Sharma,,,,,,,,,,,,,,,,,,,
"890158132	","Fungi	","Ascomycota	","Lecanoromycetes	","Lecanorales	","Cladoniaceae	","	Cladonia	",rangiferina,,,,,,,,,,,,,,,,,,,9,2007,2607708,2607708,PRESERVED_SPECIMEN,E,E,E00620863,AC25.1,CC_BY_NC_4_0,Sharma,,,,,,,,,,,,,,,,,,,
"790014356	","Fungi	","Ascomycota	","Lecanoromycetes	","Lecanorales	","Cladoniaceae	","	Cladonia	",humilis,,,,,,,,,,,,,,,,,,,,,,,,,,,,,,,,,,,,,,,,,,,,,,,,
"790003523	","Fungi	","Ascomycota	","Lecanoromycetes	","Lecanorales	","Cladoniaceae	","	Cladonia	",uncialis,,,,,,,,,,,,,,,,,,,6606867,PRESERVED_SPECIMEN,E,E,E00620674,12495,CC_BY_NC_4_0,Obermayer,,,,,,,,,,,,,,,,,,,,,,
"790003316	","Fungi	","Ascomycota	","Lecanoromycetes	","Lecanorales	","Cladoniaceae	","	Cladonia	",macroceras,,,,,,,,,,,,,,,,,,,,,,,,,,,,,,,,,,,,,,,,,,,,,,,,
"790002967	","Fungi	","Ascomycota	","Lecanoromycetes	","Lecanorales	","Cladoniaceae	","	Cladonia	",humilis,,,,,,,,,,,,,,,,,,,,,,,,,,,,,,,,,,,,,,,,,,,,,,,,
"789990898	","Fungi	","Ascomycota	","Lecanoromycetes	","Lecanorales	","Cladoniaceae	","	Cladonia	",pyxidata,,,,,,,,,,,,,,,,,,,CC_BY_NC_4_0,McCallum,Webster,,,,,,,,,,,,,,,,,,,,,,,,,,,
"789990360	","Fungi	","Ascomycota	","Lecanoromycetes	","Lecanorales	","Cladoniaceae	","	Cladonia	",humilis,,,,,,,,,,,,,,,,,,,Irvine,,,,,,,,,,,,,,,,,,,,,,,,,,,,,
"789989695	","Fungi	","Ascomycota	","Lecanoromycetes	","Lecanorales	","Cladoniaceae	","	Cladonia	",pyxidata,,,,,,,,,,,,,,,,,,,CC_BY_NC_4_0,Coppins,,,,,,,,,,,,,,,,,,,,,,,,,,,,
"789955283	","Fungi	","Ascomycota	","Lecanoromycetes	","Lecanorales	","Cladoniaceae	","	Cladonia	",pyxidata,,,,,,,,,,,,,,,,,,,CC_BY_NC_4_0,Irvine,,,,,,,,,,,,,,,,,,,,,,,,,,,,
"789954977	","Fungi	","Ascomycota	","Lecanoromycetes	","Lecanorales	","Cladoniaceae	","	Cladonia	",pyxidata,,,,,,,,,,,,,,,,,,,,,,,,,,,,,,,,,,,,,,,,,,,,,,,,
"773979606	","Fungi	","Ascomycota	","Lecanoromycetes	","Lecanorales	","Cladoniaceae	","	Cladonia	",deformis,,,,,,,,,,,,,,,,,,,CC_BY_NC_4_0,Ballinger,,,,,,,,,,,,,,,,,,,,,,,,,,,,
"773940578	","Fungi	","Ascomycota	","Lecanoromycetes	","Lecanorales	","Cladoniaceae	","	Cladonia	",cariosa,,,,,,,,,,,,,,,,,,,24093,CC_BY_NC_4_0,Coppins,,,,,,,,,,,,,,,,,,,,,,,,,,,
"724045850	","Fungi	","Ascomycota	","Lecanoromycetes	","Lecanorales	","Cladoniaceae	","	Cladonia	",decorticata,,,,,,,,,,,,,,,,,,,E,E00620258,D,305,CC_BY_NC_4_0,E.,Frey,2018-02-04T16:27Z,,,,,,,,,,,,,,,,,,,,,,
"724013858	","Fungi	","Ascomycota	","Lecanoromycetes	","Lecanorales	","Cladoniaceae	","	Cladonia	",macroceras,,,,,,,,,,,,,,,,,,,CC_BY_NC_4_0,F.,Page,2018-02-04T16:27Z,,,,,,,,,,,,,,,,,,,,,,,,,,
"686929263	","Fungi	","Ascomycota	","Lecanoromycetes	","Lecanorales	","Cladoniaceae	","	Cladonia	",ciliata,,,,,,,,,,,,,,,,,,,E,E,E00604758,4890,CC_BY_NC_4_0,R.,Yahr,2018-02-03T22:58Z,,,,,,,,,,,,,,,,,,,,,,
"686708350	","Fungi	","Ascomycota	","Lecanoromycetes	","Lecanorales	","Cladoniaceae	","	Cladonia	",squamosa,,,,,,,,,,,,,,,,,,,4877,CC_BY_NC_4_0,Yahr,,,,,,,,,,,,,,,,,,,,,,,,,,,
"686673440	","Fungi	","Ascomycota	","Lecanoromycetes	","Lecanorales	","Cladoniaceae	","	Cladonia	",crispata,,,,,,,,,,,,,,,,,,,E,E,E00604759,4885,CC_BY_NC_4_0,R.,Yahr,2018-02-03T01:42Z,,,,,,,,,,,,,,,,,,,,,,
"686673206	","Fungi	","Ascomycota	","Lecanoromycetes	","Lecanorales	","Cladoniaceae	","	Cladonia	",ciliata,,,,,,,,,,,,,,,,,,,CC_BY_NC_4_0,Yahr,,,,,,,,,,,,,,,,,,,,,,,,,,,,
"686665614	","Fungi	","Ascomycota	","Lecanoromycetes	","Lecanorales	","Cladoniaceae	","	Cladonia	",bellidiflora,,,,,,,,,,,,,,,,,,,4879,CC_BY_NC_4_0,Yahr,,,,,,,,,,,,,,,,,,,,,,,,,,,
"686664619	","Fungi	","Ascomycota	","Lecanoromycetes	","Lecanorales	","Cladoniaceae	","	Cladonia	",ciliata,,,,,,,,,,,,,,,,,,,E,E,E00604761,4889,CC_BY_NC_4_0,R.,Yahr,2018-02-03T01:42Z,,,,,,,,,,,,,,,,,,,,,,
"686664272	","Fungi	","Ascomycota	","Lecanoromycetes	","Lecanorales	","Cladoniaceae	","	Cladonia	",portentosa,,,,,,,,,,,,,,,,,,,4891,CC_BY_NC_4_0,Yahr,,,,,,,,,,,,,,,,,,,,,,,,,,,
"686664105	","Fungi	","Ascomycota	","Lecanoromycetes	","Lecanorales	","Cladoniaceae	","	Cladonia	",crispata,,,,,,,,,,,,,,,,,,,E,E,E00604760,4886,CC_BY_NC_4_0,R.,Yahr,2018-02-03T01:42Z,,,,,,,,,,,,,,,,,,,,,,
"686663833	","Fungi	","Ascomycota	","Lecanoromycetes	","Lecanorales	","Cladoniaceae	","	Cladonia	",rangiferina,,,,,,,,,,,,,,,,,,,E,E00604762,4888,CC_BY_NC_4_0,R.,Yahr,2018-02-03T01:42Z,,,,,,,,,,,,,,,,,,,,,,,
"665777953	","Fungi	","Ascomycota	","Lecanoromycetes	","Lecanorales	","Cladoniaceae	","	Cladonia	",uncialis,,,,,,,,,,,,,,,,,,,E00468766,CC_BY_NC_4_0,Corner,,,,,,,,,,,,,,,,,,,,,,,,,,,
"575353845	","Fungi	","Ascomycota	","Lecanoromycetes	","Lecanorales	","Cladoniaceae	","	Cladonia	",monomorpha,,,,,,,,,,,,,,,,,,,,,,,,,,,,,,,,,,,,,,,,,,,,,,,,
"575347374	","Fungi	","Ascomycota	","Lecanoromycetes	","Lecanorales	","Cladoniaceae	","	Cladonia	",boryi,,,,,,,,,,,,,,,,,,,E,E00531160,CC_BY_NC_4_0,Bory,,,,,,,,,,,,,,,,,,,,,,,,,,
"575335977	","Fungi	","Ascomycota	","Lecanoromycetes	","Lecanorales	","Cladoniaceae	","	Cladonia	",portentosa,,,,,,,,,,,,,,,,,,,E,E00423229,L704,CC_BY_NC_4_0,Ellis,,,,,,,,,,,,,,,,,,,,,,,,,
"575331282	","Fungi	","Ascomycota	","Lecanoromycetes	","Lecanorales	","Cladoniaceae	","	Cladonia	",parasitica,,,,,,,,,,,,,,,,,,,,,,,,,,,,,,,,,,,,,,,,,,,,,,,,
"575329234	","Fungi	","Ascomycota	","Lecanoromycetes	","Lecanorales	","Cladoniaceae	","	Cladonia	",ramulosa,,,,,,,,,,,,,,,,,,,CC_BY_NC_4_0,Seaward,,,,,,,,,,,,,,,,,,,,,,,,,,,,
"575317758	","Fungi	","Ascomycota	","Lecanoromycetes	","Lecanorales	","Cladoniaceae	","	Cladonia	",digitata,,,,,,,,,,,,,,,,,,,CC_BY_NC_4_0,B.J.,&,A.M.,Coppins,2018-02-03T19:20Z,,,,,,,,,,,,,,,,,,,,,,,,
"575279694	","Fungi	","Ascomycota	","Lecanoromycetes	","Lecanorales	","Cladoniaceae	","	Cladonia	",unknown,,,,,,,,,,,,,,,,,,,2018-02-03T16:27Z,,,,,,,,,,,,,,,,,,,,,,,,,,,,,
"575278261	","Fungi	","Ascomycota	","Lecanoromycetes	","Lecanorales	","Cladoniaceae	","	Cladonia	",cryptochlorophaea,,,,,,,,,,,,,,,,,,,E00423223,L693,CC_BY_NC_4_0,Ellis,,,,,,,,,,,,,,,,,,,,,,,,,,
"575273887	","Fungi	","Ascomycota	","Lecanoromycetes	","Lecanorales	","Cladoniaceae	","	Cladonia	",arbuscula,,,,,,,,,,,,,,,,,,,Coppins,,,,,,,,,,,,,,,,,,,,,,,,,,,,,
"575273775	","Fungi	","Ascomycota	","Lecanoromycetes	","Lecanorales	","Cladoniaceae	","	Cladonia	",portentosa,,,,,,,,,,,,,,,,,,,E00423392,L705,CC_BY_NC_4_0,Ellis,,,,,,,,,,,,,,,,,,,,,,,,,,
"575264106	","Fungi	","Ascomycota	","Lecanoromycetes	","Lecanorales	","Cladoniaceae	","	Cladonia	",macilenta,,,,,,,,,,,,,,,,,,,E00423175,CC_BY_NC_4_0,Ratcliffe,,,,,,,,,,,,,,,,,,,,,,,,,,,
"575263217	","Fungi	","Ascomycota	","Lecanoromycetes	","Lecanorales	","Cladoniaceae	","	Cladonia	",furcata,,,,,,,,,,,,,,,,,,,D.A.,Ratcliffe,2018-02-03T16:26Z,RECORDED_DATE_INVALID,,,,,,,,,,,,,,,,,,,,,,,,,,
"575262179	","Fungi	","Ascomycota	","Lecanoromycetes	","Lecanorales	","Cladoniaceae	","	Cladonia	",unknown,,,,,,,,,,,,,,,,,,,,,,,,,,,,,,,,,,,,,,,,,,,,,,,,
"575259676	","Fungi	","Ascomycota	","Lecanoromycetes	","Lecanorales	","Cladoniaceae	","	Cladonia	",stellaris,,,,,,,,,,,,,,,,,,,E00423130,CC_BY_NC_4_0,D.A.,Ratcliffe,2018-02-03T16:26Z,,,,,,,,,,,,,,,,,,,,,,,,,
"575244081	","Fungi	","Ascomycota	","Lecanoromycetes	","Lecanorales	","Cladoniaceae	","	Cladonia	",crispata,,,,,,,,,,,,,,,,,,,E,E00023219,16966,CC_BY_NC_4_0,Coppins,,,,,,,,,,,,,,,,,,,,,,,,,
"575240619	","Fungi	","Ascomycota	","Lecanoromycetes	","Lecanorales	","Cladoniaceae	","	Cladonia	",unknown,,,,,,,,,,,,,,,,,,,,,,,,,,,,,,,,,,,,,,,,,,,,,,,,
"575239123	","Fungi	","Ascomycota	","Lecanoromycetes	","Lecanorales	","Cladoniaceae	","	Cladonia	",squamosa,,,,,,,,,,,,,,,,,,,E,E00423420,L709,CC_BY_NC_4_0,Ellis,,,,,,,,,,,,,,,,,,,,,,,,,
"575232537	","Fungi	","Ascomycota	","Lecanoromycetes	","Lecanorales	","Cladoniaceae	","	Cladonia	",squamosa,,,,,,,,,,,,,,,,,,,L11,CC_BY_NC_4_0,Sharma,,,,,,,,,,,,,,,,,,,,,,,,,,,
"575221964	","Fungi	","Ascomycota	","Lecanoromycetes	","Lecanorales	","Cladoniaceae	","	Cladonia	",unknown,,,,,,,,,,,,,,,,,,,2607519,PRESERVED_SPECIMEN,E,E,E00446335,39,CC_BY_NC_4_0,Gray,,,,,,,,,,,,,,,,,,,,,,
"575211691	","Fungi	","Ascomycota	","Lecanoromycetes	","Lecanorales	","Cladoniaceae	","	Cladonia	",unknown,,,,,,,,,,,,,,,,,,,2018-02-03T16:26Z,,,,,,,,,,,,,,,,,,,,,,,,,,,,,
"575194762	","Fungi	","Ascomycota	","Lecanoromycetes	","Lecanorales	","Cladoniaceae	","	Cladonia	",unknown,,,,,,,,,,,,,,,,,,,,,,,,,,,,,,,,,,,,,,,,,,,,,,,,
"575194047	","Fungi	","Ascomycota	","Lecanoromycetes	","Lecanorales	","Cladoniaceae	","	Cladonia	",sarmentosa,,,,,,,,,,,,,,,,,,,(Ghoratabela).,28,,,,,,,,,,,,,,,,,,,,,,,,,,,,
"575190785	","Fungi	","Ascomycota	","Lecanoromycetes	","Lecanorales	","Cladoniaceae	","	Cladonia	",arbuscula,,,,,,,,,,,,,,,,,,,2607648,PRESERVED_SPECIMEN,E,E,E00446570,CC_BY_NC_4_0,Ratcliffe,,,,,,,,,,,,,,,,,,,,,,,
"575180075	","Fungi	","Ascomycota	","Lecanoromycetes	","Lecanorales	","Cladoniaceae	","	Cladonia	",arbuscula,,,,,,,,,,,,,,,,,,,Coppins,,,,,,,,,,,,,,,,,,,,,,,,,,,,,
"575178160	","Fungi	","Ascomycota	","Lecanoromycetes	","Lecanorales	","Cladoniaceae	","	Cladonia	",cyathomorpha,,,,,,,,,,,,,,,,,,,,,,,,,,,,,,,,,,,,,,,,,,,,,,,,
"575174305	","Fungi	","Ascomycota	","Lecanoromycetes	","Lecanorales	","Cladoniaceae	","	Cladonia	",gracilis,,,,,,,,,,,,,,,,,,,E,E00423410,L701,CC_BY_NC_4_0,Ellis,,,,,,,,,,,,,,,,,,,,,,,,,
"575170425	","Fungi	","Ascomycota	","Lecanoromycetes	","Lecanorales	","Cladoniaceae	","	Cladonia	",digitata,,,,,,,,,,,,,,,,,,,E,E00446627,CC_BY_NC_4_0,2018-02-03T16:26Z,,,,,,,,,,,,,,,,,,,,,,,,,,
"575155633	","Fungi	","Ascomycota	","Lecanoromycetes	","Lecanorales	","Cladoniaceae	","	Cladonia	",diversa,,,,,,,,,,,,,,,,,,,E00423232,L697,CC_BY_NC_4_0,Ellis,,,,,,,,,,,,,,,,,,,,,,,,,,
"575151771	","Fungi	","Ascomycota	","Lecanoromycetes	","Lecanorales	","Cladoniaceae	","	Cladonia	",unknown,,,,,,,,,,,,,,,,,,,2018-02-03T16:26Z,,,,,,,,,,,,,,,,,,,,,,,,,,,,,
"575149828	","Fungi	","Ascomycota	","Lecanoromycetes	","Lecanorales	","Cladoniaceae	","	Cladonia	",unknown,,,,,,,,,,,,,,,,,,,,,,,,,,,,,,,,,,,,,,,,,,,,,,,,
"575146120	","Fungi	","Ascomycota	","Lecanoromycetes	","Lecanorales	","Cladoniaceae	","	Cladonia	",unknown,,,,,,,,,,,,,,,,,,,,,,,,,,,,,,,,,,,,,,,,,,,,,,,,
"575141095	","Fungi	","Ascomycota	","Lecanoromycetes	","Lecanorales	","Cladoniaceae	","	Cladonia	",boryi,,,,,,,,,,,,,,,,,,,Lenormand,TYPE,2018-02-03T16:26Z,STILLIMAGE,,,,,,,,,,,,,,,,,,,,,,,,,,
"575139633	","Fungi	","Ascomycota	","Lecanoromycetes	","Lecanorales	","Cladoniaceae	","	Cladonia	",ramulosa,,,,,,,,,,,,,,,,,,,E,E00423180,L708,CC_BY_NC_4_0,Ellis,,,,,,,,,,,,,,,,,,,,,,,,,
"575138570	","Fungi	","Ascomycota	","Lecanoromycetes	","Lecanorales	","Cladoniaceae	","	Cladonia	",yunnana,,,,,,,,,,,,,,,,,,,28,,,,,,,,,,,,,,,,,,,,,,,,,,,,,
"575135056	","Fungi	","Ascomycota	","Lecanoromycetes	","Lecanorales	","Cladoniaceae	","	Cladonia	",amaurocraea,,,,,,,,,,,,,,,,,,,AC12,CC_BY_NC_4_0,Sharma,,,,,,,,,,,,,,,,,,,,,,,,,,,
"575135054	","Fungi	","Ascomycota	","Lecanoromycetes	","Lecanorales	","Cladoniaceae	","	Cladonia	",singhii,,,,,,,,,,,,,,,,,,,E00321493,L17,CC_BY_NC_4_0,Sharma,,,,,,,,,,,,,,,,,,,,,,,,,,
"575128624	","Fungi	","Ascomycota	","Lecanoromycetes	","Lecanorales	","Cladoniaceae	","	Cladonia	",corymbescens,,,,,,,,,,,,,,,,,,,,,,,,,,,,,,,,,,,,,,,,,,,,,,,,
"575128067	","Fungi	","Ascomycota	","Lecanoromycetes	","Lecanorales	","Cladoniaceae	","	Cladonia	",squamosa,,,,,,,,,,,,,,,,,,,0,2001-04-05T02:00Z,5,4,2001,3390371,7246650,PRESERVED_SPECIMEN,E,E,E00423100,18839,CC_BY_NC_4_0,R.G.,Goveny,2018-02-03T16:26Z,,,,,,,,,,,,,,
"575117538	","Fungi	","Ascomycota	","Lecanoromycetes	","Lecanorales	","Cladoniaceae	","	Cladonia	",diversa,,,,,,,,,,,,,,,,,,,,,,,,,,,,,,,,,,,,,,,,,,,,,,,,
"575116987	","Fungi	","Ascomycota	","Lecanoromycetes	","Lecanorales	","Cladoniaceae	","	Cladonia	",subcervicornis,,,,,,,,,,,,,,,,,,,PRESERVED_SPECIMEN,E,E,E00446019,9,CC_BY_NC_4_0,Olley,,,,,,,,,,,,,,,,,,,,,,,
"575115487	","Fungi	","Ascomycota	","Lecanoromycetes	","Lecanorales	","Cladoniaceae	","	Cladonia	",verticillata,,,,,,,,,,,,,,,,,,,AC4,CC_BY_NC_4_0,Sharma,,,,,,,,,,,,,,,,,,,,,,,,,,,
"575110761	","Fungi	","Ascomycota	","Lecanoromycetes	","Lecanorales	","Cladoniaceae	","	Cladonia	",scabriuscula,,,,,,,,,,,,,,,,,,,L6.1,CC_BY_NC_4_0,2018-02-03T16:26Z,,,,,,,,,,,,,,,,,,,,,,,,,,,
"575095894	","Fungi	","Ascomycota	","Lecanoromycetes	","Lecanorales	","Cladoniaceae	","	Cladonia	",uncialis,,,,,,,,,,,,,,,,,,,PRESERVED_SPECIMEN,E,E,E00446576,CC_BY_NC_4_0,Ratcliffe,,,,,,,,,,,,,,,,,,,,,,,,
"575090480	","Fungi	","Ascomycota	","Lecanoromycetes	","Lecanorales	","Cladoniaceae	","	Cladonia	",peziziformis,,,,,,,,,,,,,,,,,,,24916,CC_BY_NC_4_0,Imshaug,,,,,,,,,,,,,,,,,,,,,,,,,,,
"575089937	","Fungi	","Ascomycota	","Lecanoromycetes	","Lecanorales	","Cladoniaceae	","	Cladonia	",pocillum,,,,,,,,,,,,,,,,,,,,,,,,,,,,,,,,,,,,,,,,,,,,,,,,
"575089445	","Fungi	","Ascomycota	","Lecanoromycetes	","Lecanorales	","Cladoniaceae	","	Cladonia	",cryptochlorophaea,,,,,,,,,,,,,,,,,,,Coppins,,,,,,,,,,,,,,,,,,,,,,,,,,,,,
"575081495	","Fungi	","Ascomycota	","Lecanoromycetes	","Lecanorales	","Cladoniaceae	","	Cladonia	",subulata,,,,,,,,,,,,,,,,,,,PRESERVED_SPECIMEN,E,E,E00423419,L712,CC_BY_NC_4_0,Ellis,,,,,,,,,,,,,,,,,,,,,,,
"575077266	","Fungi	","Ascomycota	","Lecanoromycetes	","Lecanorales	","Cladoniaceae	","	Cladonia	",norvegica,,,,,,,,,,,,,,,,,,,,,,,,,,,,,,,,,,,,,,,,,,,,,,,,
"575076285	","Fungi	","Ascomycota	","Lecanoromycetes	","Lecanorales	","Cladoniaceae	","	Cladonia	",corymbescens,,,,,,,,,,,,,,,,,,,,,,,,,,,,,,,,,,,,,,,,,,,,,,,,
"575069660	","Fungi	","Ascomycota	","Lecanoromycetes	","Lecanorales	","Cladoniaceae	","	Cladonia	",arbuscula,,,,,,,,,,,,,,,,,,,Coppins,,,,,,,,,,,,,,,,,,,,,,,,,,,,,
"575068869	","Fungi	","Ascomycota	","Lecanoromycetes	","Lecanorales	","Cladoniaceae	","	Cladonia	",borealis,,,,,,,,,,,,,,,,,,,CC_BY_NC_4_0,Coppins,,,,,,,,,,,,,,,,,,,,,,,,,,,,
"575065707	","Fungi	","Ascomycota	","Lecanoromycetes	","Lecanorales	","Cladoniaceae	","	Cladonia	",gracilis,,,,,,,,,,,,,,,,,,,E,E,E00423207,L702,CC_BY_NC_4_0,Ellis,,,,,,,,,,,,,,,,,,,,,,,,
"575063659	","Fungi	","Ascomycota	","Lecanoromycetes	","Lecanorales	","Cladoniaceae	","	Cladonia	",macilenta,,,,,,,,,,,,,,,,,,,,,,,,,,,,,,,,,,,,,,,,,,,,,,,,
"575063228	","Fungi	","Ascomycota	","Lecanoromycetes	","Lecanorales	","Cladoniaceae	","	Cladonia	",bahiana,,,,,,,,,,,,,,,,,,,,,,,,,,,,,,,,,,,,,,,,,,,,,,,,
"575062882	","Fungi	","Ascomycota	","Lecanoromycetes	","Lecanorales	","Cladoniaceae	","	Cladonia	",unknown,,,,,,,,,,,,,,,,,,,,,,,,,,,,,,,,,,,,,,,,,,,,,,,,
"575056826	","Fungi	","Ascomycota	","Lecanoromycetes	","Lecanorales	","Cladoniaceae	","	Cladonia	",furcata,,,,,,,,,,,,,,,,,,,E,E,E00423421,L699,CC_BY_NC_4_0,Ellis,,,,,,,,,,,,,,,,,,,,,,,,
"575055892	","Fungi	","Ascomycota	","Lecanoromycetes	","Lecanorales	","Cladoniaceae	","	Cladonia	",brasiliensis,,,,,,,,,,,,,,,,,,,,,,,,,,,,,,,,,,,,,,,,,,,,,,,,
"575052665	","Fungi	","Ascomycota	","Lecanoromycetes	","Lecanorales	","Cladoniaceae	","	Cladonia	",unknown,,,,,,,,,,,,,,,,,,,,,,,,,,,,,,,,,,,,,,,,,,,,,,,,
"575045719	","Fungi	","Ascomycota	","Lecanoromycetes	","Lecanorales	","Cladoniaceae	","	Cladonia	",coccifera,,,,,,,,,,,,,,,,,,,28,,,,,,,,,,,,,,,,,,,,,,,,,,,,,
"575039341	","Fungi	","Ascomycota	","Lecanoromycetes	","Lecanorales	","Cladoniaceae	","	Cladonia	",unknown,,,,,,,,,,,,,,,,,,,,,,,,,,,,,,,,,,,,,,,,,,,,,,,,
"575033660	","Fungi	","Ascomycota	","Lecanoromycetes	","Lecanorales	","Cladoniaceae	","	Cladonia	",ochrochlora,,,,,,,,,,,,,,,,,,,7800386,PRESERVED_SPECIMEN,E,E,E00423894,23192,CC_BY_NC_4_0,Coppins,,,,,,,,,,,,,,,,,,,,,,
"575027341	","Fungi	","Ascomycota	","Lecanoromycetes	","Lecanorales	","Cladoniaceae	","	Cladonia	",portentosa,,,,,,,,,,,,,,,,,,,E,E00423385,L673,CC_BY_NC_4_0,Ellis,,,,,,,,,,,,,,,,,,,,,,,,,
"575026451	","Fungi	","Ascomycota	","Lecanoromycetes	","Lecanorales	","Cladoniaceae	","	Cladonia	",boryi,,,,,,,,,,,,,,,,,,,,,,,,,,,,,,,,,,,,,,,,,,,,,,,,
"575022638	","Fungi	","Ascomycota	","Lecanoromycetes	","Lecanorales	","Cladoniaceae	","	Cladonia	",corymbescens,,,,,,,,,,,,,,,,,,,E00321472,AC15,CC_BY_NC_4_0,Sharma,,,,,,,,,,,,,,,,,,,,,,,,,,
"575019029	","Fungi	","Ascomycota	","Lecanoromycetes	","Lecanorales	","Cladoniaceae	","	Cladonia	",unknown,,,,,,,,,,,,,,,,,,,2018-02-03T22:14Z,,,,,,,,,,,,,,,,,,,,,,,,,,,,,
"575018246	","Fungi	","Ascomycota	","Lecanoromycetes	","Lecanorales	","Cladoniaceae	","	Cladonia	",foliacea,,,,,,,,,,,,,,,,,,,23613,CC_BY_NC_4_0,Coppins,,,,,,,,,,,,,,,,,,,,,,,,,,,
"575013358	","Fungi	","Ascomycota	","Lecanoromycetes	","Lecanorales	","Cladoniaceae	","	Cladonia	",unknown,,,,,,,,,,,,,,,,,,,2018-02-03T22:14Z,,,,,,,,,,,,,,,,,,,,,,,,,,,,,
"575010069	","Fungi	","Ascomycota	","Lecanoromycetes	","Lecanorales	","Cladoniaceae	","	Cladonia	",unknown,,,,,,,,,,,,,,,,,,,2018-02-03T22:14Z,,,,,,,,,,,,,,,,,,,,,,,,,,,,,
"575009349	","Fungi	","Ascomycota	","Lecanoromycetes	","Lecanorales	","Cladoniaceae	","	Cladonia	",unknown,,,,,,,,,,,,,,,,,,,Ratcliffe,2018-02-03T22:14Z,,,,,,,,,,,,,,,,,,,,,,,,,,,,
"575006432	","Fungi	","Ascomycota	","Lecanoromycetes	","Lecanorales	","Cladoniaceae	","	Cladonia	",chlorophaea,,,,,,,,,,,,,,,,,,,PRESERVED_SPECIMEN,E,E,E00423416,L695,CC_BY_NC_4_0,Ellis,,,,,,,,,,,,,,,,,,,,,,,
"575001379	","Fungi	","Ascomycota	","Lecanoromycetes	","Lecanorales	","Cladoniaceae	","	Cladonia	",macroptera,,,,,,,,,,,,,,,,,,,,,,,,,,,,,,,,,,,,,,,,,,,,,,,,
"574998827	","Fungi	","Ascomycota	","Lecanoromycetes	","Lecanorales	","Cladoniaceae	","	Cladonia	",gracilis,,,,,,,,,,,,,,,,,,,E,E00423182,L700,CC_BY_NC_4_0,Ellis,,,,,,,,,,,,,,,,,,,,,,,,,
"574998261	","Fungi	","Ascomycota	","Lecanoromycetes	","Lecanorales	","Cladoniaceae	","	Cladonia	",pyxidata,,,,,,,,,,,,,,,,,,,AC31.2,CC_BY_NC_4_0,Sharma,,,,,,,,,,,,,,,,,,,,,,,,,,,
"574998260	","Fungi	","Ascomycota	","Lecanoromycetes	","Lecanorales	","Cladoniaceae	","	Cladonia	",monomorpha,,,,,,,,,,,,,,,,,,,,,,,,,,,,,,,,,,,,,,,,,,,,,,,,
"574996250	","Fungi	","Ascomycota	","Lecanoromycetes	","Lecanorales	","Cladoniaceae	","	Cladonia	",singularis,,,,,,,,,,,,,,,,,,,CC_BY_NC_4_0,Obermayer,,,,,,,,,,,,,,,,,,,,,,,,,,,,
"574994597	","Fungi	","Ascomycota	","Lecanoromycetes	","Lecanorales	","Cladoniaceae	","	Cladonia	",boryi,,,,,,,,,,,,,,,,,,,TYPE,2018-02-03T22:13Z,STILLIMAGE,,,,,,,,,,,,,,,,,,,,,,,,,,,
"574986209	","Fungi	","Ascomycota	","Lecanoromycetes	","Lecanorales	","Cladoniaceae	","	Cladonia	",unknown,,,,,,,,,,,,,,,,,,,,,,,,,,,,,,,,,,,,,,,,,,,,,,,,
"574984402	","Fungi	","Ascomycota	","Lecanoromycetes	","Lecanorales	","Cladoniaceae	","	Cladonia	",calyciformis,,,,,,,,,,,,,,,,,,,,,,,,,,,,,,,,,,,,,,,,,,,,,,,,
"574983312	","Fungi	","Ascomycota	","Lecanoromycetes	","Lecanorales	","Cladoniaceae	","	Cladonia	",unknown,,,,,,,,,,,,,,,,,,,,,,,,,,,,,,,,,,,,,,,,,,,,,,,,
"574978386	","Fungi	","Ascomycota	","Lecanoromycetes	","Lecanorales	","Cladoniaceae	","	Cladonia	",monomorpha,,,,,,,,,,,,,,,,,,,,,,,,,,,,,,,,,,,,,,,,,,,,,,,,
"574973187	","Fungi	","Ascomycota	","Lecanoromycetes	","Lecanorales	","Cladoniaceae	","	Cladonia	",macrophylla,,,,,,,,,,,,,,,,,,,22839,CC_BY_NC_4_0,Coppins,,,,,,,,,,,,,,,,,,,,,,,,,,,
"574970073	","Fungi	","Ascomycota	","Lecanoromycetes	","Lecanorales	","Cladoniaceae	","	Cladonia	",unknown,,,,,,,,,,,,,,,,,,,Gray,,,,,,,,,,,,,,,,,,,,,,,,,,,,,
"574968182	","Fungi	","Ascomycota	","Lecanoromycetes	","Lecanorales	","Cladoniaceae	","	Cladonia	",arbuscula,,,,,,,,,,,,,,,,,,,16794,CC_BY_NC_4_0,Coppins,,,,,,,,,,,,,,,,,,,,,,,,,,,
"574967199	","Fungi	","Ascomycota	","Lecanoromycetes	","Lecanorales	","Cladoniaceae	","	Cladonia	",subulata,,,,,,,,,,,,,,,,,,,2607703,PRESERVED_SPECIMEN,E,E,E00423214,L711,CC_BY_NC_4_0,Ellis,,,,,,,,,,,,,,,,,,,,,,
"574960906	","Fungi	","Ascomycota	","Lecanoromycetes	","Lecanorales	","Cladoniaceae	","	Cladonia	",rangiferina,,,,,,,,,,,,,,,,,,,E,E00423046,CC_BY_NC_4_0,D.A.,Ratcliffe,2018-02-03T22:13Z,,,,,,,,,,,,,,,,,,,,,,,,
"574954671	","Fungi	","Ascomycota	","Lecanoromycetes	","Lecanorales	","Cladoniaceae	","	Cladonia	",zopfii,,,,,,,,,,,,,,,,,,,,,,,,,,,,,,,,,,,,,,,,,,,,,,,,
"574947877	","Fungi	","Ascomycota	","Lecanoromycetes	","Lecanorales	","Cladoniaceae	","	Cladonia	",pyxidata,,,,,,,,,,,,,,,,,,,M15.1,CC_BY_NC_4_0,Sharma,,,,,,,,,,,,,,,,,,,,,,,,,,,
"574947569	","Fungi	","Ascomycota	","Lecanoromycetes	","Lecanorales	","Cladoniaceae	","	Cladonia	",confusa,,,,,,,,,,,,,,,,,,,,,,,,,,,,,,,,,,,,,,,,,,,,,,,,
"574945636	","Fungi	","Ascomycota	","Lecanoromycetes	","Lecanorales	","Cladoniaceae	","	Cladonia	",fruticulosa,,,,,,,,,,,,,,,,,,,CC_BY_NC_4_0,2018-02-03T22:13Z,,,,,,,,,,,,,,,,,,,,,,,,,,,,
"574943370	","Fungi	","Ascomycota	","Lecanoromycetes	","Lecanorales	","Cladoniaceae	","	Cladonia	",unknown,,,,,,,,,,,,,,,,,,,2018-02-03T22:13Z,,,,,,,,,,,,,,,,,,,,,,,,,,,,,
"574942035	","Fungi	","Ascomycota	","Lecanoromycetes	","Lecanorales	","Cladoniaceae	","	Cladonia	",furcata,,,,,,,,,,,,,,,,,,,,,,,,,,,,,,,,,,,,,,,,,,,,,,,,
"574929874	","Fungi	","Ascomycota	","Lecanoromycetes	","Lecanorales	","Cladoniaceae	","	Cladonia	",arbuscula,,,,,,,,,,,,,,,,,,,CC_BY_NC_4_0,R.W.M.,Corner,2018-02-03T22:13Z,,,,,,,,,,,,,,,,,,,,,,,,,,
"574926495	","Fungi	","Ascomycota	","Lecanoromycetes	","Lecanorales	","Cladoniaceae	","	Cladonia	",diversa,,,,,,,,,,,,,,,,,,,CC_BY_NC_4_0,Sharma,,,,,,,,,,,,,,,,,,,,,,,,,,,,
"574922370	","Fungi	","Ascomycota	","Lecanoromycetes	","Lecanorales	","Cladoniaceae	","	Cladonia	",furcata,,,,,,,,,,,,,,,,,,,E,E00446876,CC_BY_NC_4_0,R.W.M.,Corner,2018-02-03T22:13Z,,,,,,,,,,,,,,,,,,,,,,,,
"574913538	","Fungi	","Ascomycota	","Lecanoromycetes	","Lecanorales	","Cladoniaceae	","	Cladonia	",crispata,,,,,,,,,,,,,,,,,,,E,E00423174,CC_BY_NC_4_0,D.A.,Ratcliffe,2018-02-03T16:34Z,,,,,,,,,,,,,,,,,,,,,,,,
"574912353	","Fungi	","Ascomycota	","Lecanoromycetes	","Lecanorales	","Cladoniaceae	","	Cladonia	",verticillata,,,,,,,,,,,,,,,,,,,AC13,CC_BY_NC_4_0,Sharma,,,,,,,,,,,,,,,,,,,,,,,,,,,
"574911171	","Fungi	","Ascomycota	","Lecanoromycetes	","Lecanorales	","Cladoniaceae	","	Cladonia	",unknown,,,,,,,,,,,,,,,,,,,2018-02-03T16:34Z,,,,,,,,,,,,,,,,,,,,,,,,,,,,,
"574911138	","Fungi	","Ascomycota	","Lecanoromycetes	","Lecanorales	","Cladoniaceae	","	Cladonia	",glauca,,,,,,,,,,,,,,,,,,,Coppins,,,,,,,,,,,,,,,,,,,,,,,,,,,,,
"574900839	","Fungi	","Ascomycota	","Lecanoromycetes	","Lecanorales	","Cladoniaceae	","	Cladonia	",squamosa,,,,,,,,,,,,,,,,,,,(Ghoratabela).,close,to,28,,,,,,,,,,,,,,,,,,,,,,,,,,
"574897420	","Fungi	","Ascomycota	","Lecanoromycetes	","Lecanorales	","Cladoniaceae	","	Cladonia	",floerkeana,,,,,,,,,,,,,,,,,,,,,,,,,,,,,,,,,,,,,,,,,,,,,,,,
"574894125	","Fungi	","Ascomycota	","Lecanoromycetes	","Lecanorales	","Cladoniaceae	","	Cladonia	",unknown,,,,,,,,,,,,,,,,,,,2018-02-03T16:34Z,,,,,,,,,,,,,,,,,,,,,,,,,,,,,
"574886717	","Fungi	","Ascomycota	","Lecanoromycetes	","Lecanorales	","Cladoniaceae	","	Cladonia	",uncialis,,,,,,,,,,,,,,,,,,,16720,CC_BY_NC_4_0,Coppins,,,,,,,,,,,,,,,,,,,,,,,,,,,
"574884941	","Fungi	","Ascomycota	","Lecanoromycetes	","Lecanorales	","Cladoniaceae	","	Cladonia	",callosa,,,,,,,,,,,,,,,,,,,,,,,,,,,,,,,,,,,,,,,,,,,,,,,,
"574883828	","Fungi	","Ascomycota	","Lecanoromycetes	","Lecanorales	","Cladoniaceae	","	Cladonia	",strepsilis,,,,,,,,,,,,,,,,,,,23699,CC_BY_NC_4_0,Coppins,,,,,,,,,,,,,,,,,,,,,,,,,,,
"574879540	","Fungi	","Ascomycota	","Lecanoromycetes	","Lecanorales	","Cladoniaceae	","	Cladonia	",floerkeana,,,,,,,,,,,,,,,,,,,E,E00446572,CC_BY_NC_4_0,Ratcliffe,,,,,,,,,,,,,,,,,,,,,,,,,,
"574874737	","Fungi	","Ascomycota	","Lecanoromycetes	","Lecanorales	","Cladoniaceae	","	Cladonia	",luteoalba,,,,,,,,,,,,,,,,,,,E00321476,L0.2,CC_BY_NC_4_0,Sharma,,,,,,,,,,,,,,,,,,,,,,,,,,
"574874736	","Fungi	","Ascomycota	","Lecanoromycetes	","Lecanorales	","Cladoniaceae	","	Cladonia	",diversa,,,,,,,,,,,,,,,,,,,CC_BY_NC_4_0,Sharma,,,,,,,,,,,,,,,,,,,,,,,,,,,,
"574871547	","Fungi	","Ascomycota	","Lecanoromycetes	","Lecanorales	","Cladoniaceae	","	Cladonia	",ecmocyna,,,,,,,,,,,,,,,,,,,CC_BY_NC_4_0,Obermayer,,,,,,,,,,,,,,,,,,,,,,,,,,,,
"574870060	","Fungi	","Ascomycota	","Lecanoromycetes	","Lecanorales	","Cladoniaceae	","	Cladonia	",arbuscula,,,,,,,,,,,,,,,,,,,16795,CC_BY_NC_4_0,Coppins,,,,,,,,,,,,,,,,,,,,,,,,,,,
"574868681	","Fungi	","Ascomycota	","Lecanoromycetes	","Lecanorales	","Cladoniaceae	","	Cladonia	",unknown,,,,,,,,,,,,,,,,,,,2018-02-03T16:34Z,,,,,,,,,,,,,,,,,,,,,,,,,,,,,
"574866290	","Fungi	","Ascomycota	","Lecanoromycetes	","Lecanorales	","Cladoniaceae	","	Cladonia	",pyxidata,,,,,,,,,,,,,,,,,,,E,E,E00423210,L692,CC_BY_NC_4_0,Ellis,,,,,,,,,,,,,,,,,,,,,,,,
"574864264	","Fungi	","Ascomycota	","Lecanoromycetes	","Lecanorales	","Cladoniaceae	","	Cladonia	",alpina,,,,,,,,,,,,,,,,,,,E00159046,12667,CC_BY_NC_4_0,Carr,,,,,,,,,,,,,,,,,,,,,,,,,,
"574860830	","Fungi	","Ascomycota	","Lecanoromycetes	","Lecanorales	","Cladoniaceae	","	Cladonia	",diversa,,,,,,,,,,,,,,,,,,,E00423183,L696,CC_BY_NC_4_0,Ellis,,,,,,,,,,,,,,,,,,,,,,,,,,
"574860265	","Fungi	","Ascomycota	","Lecanoromycetes	","Lecanorales	","Cladoniaceae	","	Cladonia	",merochlorophaea,,,,,,,,,,,,,,,,,,,E00423184,L694,CC_BY_NC_4_0,Ellis,,,,,,,,,,,,,,,,,,,,,,,,,,
"574859527	","Fungi	","Ascomycota	","Lecanoromycetes	","Lecanorales	","Cladoniaceae	","	Cladonia	",pyxidata,,,,,,,,,,,,,,,,,,,E,E00423227,L707,CC_BY_NC_4_0,Ellis,,,,,,,,,,,,,,,,,,,,,,,,,
"574854140	","Fungi	","Ascomycota	","Lecanoromycetes	","Lecanorales	","Cladoniaceae	","	Cladonia	",uncialis,,,,,,,,,,,,,,,,,,,E00423177,CC_BY_NC_4_0,2018-02-03T16:34Z,RECORDED_DATE_INVALID,,,,,,,,,,,,,,,,,,,,,,,,,,
"574845083	","Fungi	","Ascomycota	","Lecanoromycetes	","Lecanorales	","Cladoniaceae	","	Cladonia	",macilenta,,,,,,,,,,,,,,,,,,,,,,,,,,,,,,,,,,,,,,,,,,,,,,,,
"574836675	","Fungi	","Ascomycota	","Lecanoromycetes	","Lecanorales	","Cladoniaceae	","	Cladonia	",unknown,,,,,,,,,,,,,,,,,,,,,,,,,,,,,,,,,,,,,,,,,,,,,,,,
"574829967	","Fungi	","Ascomycota	","Lecanoromycetes	","Lecanorales	","Cladoniaceae	","	Cladonia	",ochrochlora,,,,,,,,,,,,,,,,,,,CC_BY_NC_4_0,Sharma,,,,,,,,,,,,,,,,,,,,,,,,,,,,
"574826493	","Fungi	","Ascomycota	","Lecanoromycetes	","Lecanorales	","Cladoniaceae	","	Cladonia	",arbuscula,,,,,,,,,,,,,,,,,,,Coppins,,,,,,,,,,,,,,,,,,,,,,,,,,,,,
"574813240	","Fungi	","Ascomycota	","Lecanoromycetes	","Lecanorales	","Cladoniaceae	","	Cladonia	",trassii,,,,,,,,,,,,,,,,,,,CC_BY_NC_4_0,R.W.M.,Corner,2018-02-03T16:34Z,,,,,,,,,,,,,,,,,,,,,,,,,,
"574812910	","Fungi	","Ascomycota	","Lecanoromycetes	","Lecanorales	","Cladoniaceae	","	Cladonia	",diversa,,,,,,,,,,,,,,,,,,,Coppins,,,,,,,,,,,,,,,,,,,,,,,,,,,,,
"574807988	","Fungi	","Ascomycota	","Lecanoromycetes	","Lecanorales	","Cladoniaceae	","	Cladonia	",sprucei,,,,,,,,,,,,,,,,,,,,,,,,,,,,,,,,,,,,,,,,,,,,,,,,
"574807016	","Fungi	","Ascomycota	","Lecanoromycetes	","Lecanorales	","Cladoniaceae	","	Cladonia	",alpina,,,,,,,,,,,,,,,,,,,E00159041,CC_BY_NC_4_0,Corner,,,,,,,,,,,,,,,,,,,,,,,,,,,
"574804359	","Fungi	","Ascomycota	","Lecanoromycetes	","Lecanorales	","Cladoniaceae	","	Cladonia	",unknown,,,,,,,,,,,,,,,,,,,2018-02-03T16:34Z,,,,,,,,,,,,,,,,,,,,,,,,,,,,,
"574804357	","Fungi	","Ascomycota	","Lecanoromycetes	","Lecanorales	","Cladoniaceae	","	Cladonia	",unknown,,,,,,,,,,,,,,,,,,,2018-02-03T16:34Z,,,,,,,,,,,,,,,,,,,,,,,,,,,,,
"574785118	","Fungi	","Ascomycota	","Lecanoromycetes	","Lecanorales	","Cladoniaceae	","	Cladonia	",macilenta,,,,,,,,,,,,,,,,,,,E00423212,L703,CC_BY_NC_4_0,Ellis,,,,,,,,,,,,,,,,,,,,,,,,,,
"574784305	","Fungi	","Ascomycota	","Lecanoromycetes	","Lecanorales	","Cladoniaceae	","	Cladonia	",macroceras,,,,,,,,,,,,,,,,,,,,,,,,,,,,,,,,,,,,,,,,,,,,,,,,
"574780455	","Fungi	","Ascomycota	","Lecanoromycetes	","Lecanorales	","Cladoniaceae	","	Cladonia	",fimbriata,,,,,,,,,,,,,,,,,,,12000,CC_BY_NC_4_0,Obermayer,,,,,,,,,,,,,,,,,,,,,,,,,,,
"574769368	","Fungi	","Ascomycota	","Lecanoromycetes	","Lecanorales	","Cladoniaceae	","	Cladonia	",unknown,,,,,,,,,,,,,,,,,,,2018-02-03T16:34Z,,,,,,,,,,,,,,,,,,,,,,,,,,,,,
"574768760	","Fungi	","Ascomycota	","Lecanoromycetes	","Lecanorales	","Cladoniaceae	","	Cladonia	",corymbescens,,,,,,,,,,,,,,,,,,,,,,,,,,,,,,,,,,,,,,,,,,,,,,,,
"574763163	","Fungi	","Ascomycota	","Lecanoromycetes	","Lecanorales	","Cladoniaceae	","	Cladonia	",corniculata,,,,,,,,,,,,,,,,,,,E00321494,L11,CC_BY_NC_4_0,Sharma,,,,,,,,,,,,,,,,,,,,,,,,,,
"574745152	","Fungi	","Ascomycota	","Lecanoromycetes	","Lecanorales	","Cladoniaceae	","	Cladonia	",unknown,,,,,,,,,,,,,,,,,,,2018-02-03T16:34Z,,,,,,,,,,,,,,,,,,,,,,,,,,,,,
"574745075	","Fungi	","Ascomycota	","Lecanoromycetes	","Lecanorales	","Cladoniaceae	","	Cladonia	",delavayi,,,,,,,,,,,,,,,,,,,,,,,,,,,,,,,,,,,,,,,,,,,,,,,,
"574743599	","Fungi	","Ascomycota	","Lecanoromycetes	","Lecanorales	","Cladoniaceae	","	Cladonia	",boryi,,,,,,,,,,,,,,,,,,,E,E00531156,CC_BY_NC_4_0,Bory,,,,,,,,,,,,,,,,,,,,,,,,,,
"574714774	","Fungi	","Ascomycota	","Lecanoromycetes	","Lecanorales	","Cladoniaceae	","	Cladonia	",unknown,,,,,,,,,,,,,,,,,,,2018-02-04T03:57Z,,,,,,,,,,,,,,,,,,,,,,,,,,,,,
"574696617	","Fungi	","Ascomycota	","Lecanoromycetes	","Lecanorales	","Cladoniaceae	","	Cladonia	",pyxidata,,,,,,,,,,,,,,,,,,,E,E00423400,L706,CC_BY_NC_4_0,Ellis,,,,,,,,,,,,,,,,,,,,,,,,,
"574696527	","Fungi	","Ascomycota	","Lecanoromycetes	","Lecanorales	","Cladoniaceae	","	Cladonia	",floerkeana,,,,,,,,,,,,,,,,,,,,,,,,,,,,,,,,,,,,,,,,,,,,,,,,
"574693305	","Fungi	","Ascomycota	","Lecanoromycetes	","Lecanorales	","Cladoniaceae	","	Cladonia	",verticillata,,,,,,,,,,,,,,,,,,,AC6,CC_BY_NC_4_0,Sharma,,,,,,,,,,,,,,,,,,,,,,,,,,,
"574693095	","Fungi	","Ascomycota	","Lecanoromycetes	","Lecanorales	","Cladoniaceae	","	Cladonia	",squamosa,,,,,,,,,,,,,,,,,,,E,E00423418,L710,CC_BY_NC_4_0,Ellis,,,,,,,,,,,,,,,,,,,,,,,,,
"574677987	","Fungi	","Ascomycota	","Lecanoromycetes	","Lecanorales	","Cladoniaceae	","	Cladonia	",diversa,,,,,,,,,,,,,,,,,,,E00423401,L698,CC_BY_NC_4_0,Ellis,,,,,,,,,,,,,,,,,,,,,,,,,,
"574668058	","Fungi	","Ascomycota	","Lecanoromycetes	","Lecanorales	","Cladoniaceae	","	Cladonia	",unknown,,,,,,,,,,,,,,,,,,,,,,,,,,,,,,,,,,,,,,,,,,,,,,,,
"574656628	","Fungi	","Ascomycota	","Lecanoromycetes	","Lecanorales	","Cladoniaceae	","	Cladonia	",macilenta,,,,,,,,,,,,,,,,,,,,,,,,,,,,,,,,,,,,,,,,,,,,,,,,
"574649607	","Fungi	","Ascomycota	","Lecanoromycetes	","Lecanorales	","Cladoniaceae	","	Cladonia	",unknown,,,,,,,,,,,,,,,,,,,2018-02-04T03:56Z,,,,,,,,,,,,,,,,,,,,,,,,,,,,,
"574648131	","Fungi	","Ascomycota	","Lecanoromycetes	","Lecanorales	","Cladoniaceae	","	Cladonia	",unknown,,,,,,,,,,,,,,,,,,,,,,,,,,,,,,,,,,,,,,,,,,,,,,,,
"574648074	","Fungi	","Ascomycota	","Lecanoromycetes	","Lecanorales	","Cladoniaceae	","	Cladonia	",subsquamosa,,,,,,,,,,,,,,,,,,,4,1868,9081233,2607555,PRESERVED_SPECIMEN,E,E,E00465159,CC_BY_NC_4_0,Cunningham,,,,,,,,,,,,,,,,,,,,